Number,FileName,Segment,mfcc1_mean,mfcc2_mean,mfcc3_mean,mfcc4_mean,mfcc5_mean,mfcc6_mean,mfcc7_mean,mfcc8_mean,mfcc9_mean,mfcc10_mean,mfcc11_mean,mfcc12_mean,mfcc13_mean,mfcc1_std,mfcc2_std,mfcc3_std,mfcc4_std,mfcc5_std,mfcc6_std,mfcc7_std,mfcc8_std,mfcc9_std,mfcc10_std,mfcc11_std,mfcc12_std,mfcc13_std,chroma1,chroma2,chroma3,chroma4,chroma5,chroma6,chroma7,chroma8,chroma9,chroma10,chroma11,chroma12,zcr,rms,spectral_centroid
1,Breathe,0,-558.5182495117188,85.5162582397461,-10.003334045410156,30.53692054748535,2.908411979675293,7.5595808029174805,0.2846982181072235,-2.5835468769073486,17.377431869506836,3.89726185798645,7.461369514465332,0.06402352452278137,-6.1522746086120605,130.26632690429688,46.253822326660156,26.97654151916504,20.66941261291504,13.650568962097168,8.214269638061523,6.0468831062316895,6.771204471588135,21.374723434448242,9.374500274658203,9.121583938598633,3.5285232067108154,6.38883638381958,0.5238329172134399,0.48365849256515503,0.49312204122543335,0.5736355185508728,0.643260657787323,0.6387748122215271,0.6420323848724365,0.574778139591217,0.5536041855812073,0.6200447678565979,0.58234041929245,0.53128981590271,0.10884164663461539,0.002031679730862379,2174.5150227241547
2,Breathe,1,-401.80169677734375,68.67282104492188,-19.732131958007812,35.199195861816406,3.9119820594787598,3.831096887588501,2.632568597793579,-10.499358177185059,7.019322395324707,1.5167940855026245,-5.9411797523498535,-1.2760045528411865,-10.646387100219727,136.98941040039062,36.48541259765625,17.333894729614258,13.339404106140137,6.49239444732666,7.25572395324707,9.019411087036133,7.808250904083252,13.635132789611816,11.897443771362305,7.6381378173828125,9.81957721710205,5.687549591064453,0.6030112504959106,0.5925910472869873,0.6041389107704163,0.6430206298828125,0.5722553730010986,0.5193176865577698,0.5021581053733826,0.5644145607948303,0.6001355648040771,0.6619463562965393,0.6536356210708618,0.5662921667098999,0.190625,0.006921373773366213,2924.8856523816235
3,Button,0,-671.6453247070312,85.18843841552734,8.495654106140137,26.59320640563965,14.103928565979004,16.634521484375,3.6011133193969727,5.690341949462891,9.319640159606934,5.773672103881836,3.5801990032196045,3.0208308696746826,5.393886566162109,141.2003173828125,42.328392028808594,27.539716720581055,15.420161247253418,8.458078384399414,9.671680450439453,6.5851874351501465,5.7742767333984375,7.176258563995361,6.067493438720703,5.195351600646973,5.80661678314209,4.509855270385742,0.5315377116203308,0.5029524564743042,0.5238445997238159,0.534162163734436,0.58486407995224,0.6591246128082275,0.6656671166419983,0.6830273866653442,0.7015078663825989,0.7222368717193604,0.6761812567710876,0.5957887172698975,0.06983924278846154,0.0006507107173092663,2001.9989517183044
4,Cat,0,-476.64080810546875,100.81990051269531,-49.79890441894531,32.083744049072266,2.2761106491088867,-9.038996696472168,19.852054595947266,-2.3193161487579346,6.664783954620361,2.82106876373291,-1.645918846130371,-7.505013942718506,-0.7955383658409119,158.247314453125,42.750572204589844,71.22773742675781,27.001094818115234,21.743656158447266,30.86711311340332,14.553940773010254,10.96302604675293,7.152988910675049,5.509794235229492,7.797996520996094,8.549105644226074,6.710092544555664,0.21656639873981476,0.21298518776893616,0.20205317437648773,0.21126054227352142,0.2131694257259369,0.2541263997554779,0.2512281537055969,0.33119186758995056,0.42308309674263,0.5461891889572144,0.6396515965461731,0.40192705392837524,0.08182842548076923,0.02637624181807041,1674.0215678800005
5,Cat,1,-575.453857421875,103.29398345947266,14.827719688415527,11.41308879852295,22.481277465820312,20.59710693359375,13.847783088684082,6.88813591003418,8.884011268615723,5.629086971282959,-0.3077402114868164,-1.563623309135437,-0.7205537557601929,99.95275115966797,40.43128967285156,47.17265319824219,29.692243576049805,14.77822494506836,10.265152931213379,10.314862251281738,13.576204299926758,6.7080559730529785,10.8903226852417,9.14509105682373,7.404417514801025,6.004100322723389,0.40892723202705383,0.44970983266830444,0.3993750214576721,0.36347803473472595,0.37592819333076477,0.38683781027793884,0.4492385983467102,0.5267271995544434,0.6770074367523193,0.7845199704170227,0.6844279766082764,0.5444905161857605,0.035006009615384616,0.008845564909279346,1031.6269092130976
6,Cat,2,-426.9849548339844,141.5609893798828,-87.2206039428711,10.024885177612305,30.795358657836914,-6.105584621429443,6.460556983947754,5.015326976776123,10.170853614807129,3.809516668319702,-6.018048286437988,-10.151225090026855,-3.30778169631958,139.20867919921875,42.23622131347656,81.86695098876953,38.217041015625,17.43013572692871,25.637367248535156,11.393028259277344,15.479402542114258,6.155972480773926,7.384889125823975,12.426473617553711,16.241628646850586,15.0455904006958,0.44608303904533386,0.3480346202850342,0.26531729102134705,0.3344058394432068,0.32647034525871277,0.2781950831413269,0.3041543662548065,0.35615840554237366,0.4423269033432007,0.5994915962219238,0.4605005383491516,0.5061918497085571,0.09677734375,0.03464576229453087,1493.1322429183413
7,Cat,3,-416.0106201171875,147.16111755371094,-74.69525146484375,-0.3845343589782715,33.14902114868164,-9.242202758789062,1.7836788892745972,7.651844501495361,3.4193716049194336,7.331286430358887,-0.9947136640548706,-13.374382019042969,1.4176968336105347,137.11865234375,45.32883071899414,87.2255630493164,24.207448959350586,22.890012741088867,24.2541446685791,18.536392211914062,11.191217422485352,10.518644332885742,8.23291301727295,7.162100315093994,12.662186622619629,9.835190773010254,0.5622730255126953,0.4078969955444336,0.28007790446281433,0.22035197913646698,0.20990702509880066,0.24704857170581818,0.31249386072158813,0.28767669200897217,0.380801260471344,0.5047052502632141,0.5421853065490723,0.6206605434417725,0.09161658653846154,0.034454334527254105,1356.0761611468618
8,Dog bark,0,-423.0922546386719,125.23197174072266,2.6483447551727295,-22.811933517456055,-13.866189002990723,6.975284099578857,11.16608715057373,5.6931304931640625,-5.812472820281982,-3.1445066928863525,-6.903838634490967,12.783581733703613,5.076995372772217,161.00567626953125,78.73944091796875,35.13151550292969,32.327789306640625,28.64346694946289,19.17095184326172,15.507233619689941,8.83870792388916,12.886982917785645,7.693872928619385,14.464822769165039,13.21898078918457,14.493305206298828,0.5627602338790894,0.6937052607536316,0.5638617277145386,0.4272037744522095,0.3886045515537262,0.3405943214893341,0.32092076539993286,0.2950347065925598,0.3200465440750122,0.3794284164905548,0.40730029344558716,0.4823926091194153,0.04877554086538462,0.055149760097265244,923.5595701480491
9,Dog bark,1,-412.7615661621094,109.26287841796875,-0.5157440900802612,-25.53955841064453,-11.476805686950684,6.224303722381592,5.906476974487305,6.372832775115967,-0.10506468266248703,-0.01227568183094263,0.9608747959136963,12.872252464294434,1.2094730138778687,139.06507873535156,62.94471740722656,32.18391036987305,30.72278594970703,24.939823150634766,19.314342498779297,17.17939567565918,8.76988697052002,11.478544235229492,12.027057647705078,12.341670036315918,13.534857749938965,14.618896484375,0.47979116439819336,0.4485832750797272,0.4358910024166107,0.2970266342163086,0.3718652129173279,0.46074649691581726,0.29987460374832153,0.24080359935760498,0.2728091776371002,0.3262612223625183,0.34817081689834595,0.4705647826194763,0.05372596153846154,0.04250609502196312,1105.1659184926161
10,Engine,0,-620.2608032226562,113.20323181152344,-4.100493431091309,-1.359788417816162,-1.1999244689941406,16.97625160217285,-0.372147798538208,-6.391845226287842,0.3298017680644989,6.0232086181640625,4.748220443725586,3.4286375045776367,-1.48371160030365,142.95175170898438,59.391387939453125,22.363021850585938,28.963485717773438,11.61292552947998,16.039934158325195,12.716646194458008,9.575041770935059,6.74377965927124,7.815668106079102,9.1388578414917,6.774898529052734,7.032533645629883,0.3338230550289154,0.2920016050338745,0.2099730223417282,0.2837883234024048,0.3447309732437134,0.3368321657180786,0.42654117941856384,0.344351202249527,0.28589674830436707,0.30796051025390625,0.30034980177879333,0.34932684898376465,0.08665114182692307,0.0015336278593167663,1857.5747904167215
11,Engine,1,-415.77142333984375,13.37944221496582,15.494969367980957,11.791708946228027,10.3374605178833,7.058055877685547,-3.7605412006378174,15.06045150756836,-2.5002760887145996,1.0323386192321777,-4.296817302703857,-2.423687696456909,4.78104829788208,37.88295364379883,22.207271575927734,10.805091857910156,12.755200386047363,5.606757164001465,5.967433452606201,5.2804083824157715,4.812990665435791,5.608453750610352,3.4820806980133057,4.150912761688232,4.505495548248291,8.930333137512207,0.3787335753440857,0.9857265949249268,0.34933117032051086,0.182941272854805,0.05408165976405144,0.0775967389345169,0.11696496605873108,0.1077282503247261,0.26806649565696716,0.09754841029644012,0.12529172003269196,0.0937313511967659,0.3197716346153846,0.0042012217454612255,4446.146788332883
12,Engine,2,-434.2265930175781,-5.9454240798950195,5.547634601593018,22.705291748046875,13.288195610046387,7.708252906799316,-2.1230850219726562,11.411137580871582,5.324077606201172,3.3404781818389893,-4.434902667999268,-2.356745958328247,12.581694602966309,8.049038887023926,5.726284503936768,8.175091743469238,4.390420436859131,3.9845685958862305,5.550388813018799,5.747862815856934,5.349752902984619,5.6816253662109375,3.8967883586883545,4.151144504547119,3.4934334754943848,2.834451198577881,0.6383637189865112,0.9858090877532959,0.3527056872844696,0.34584057331085205,0.16391697525978088,0.2657064199447632,0.33527788519859314,0.27447962760925293,0.5478770136833191,0.1910560429096222,0.37690237164497375,0.4794005751609802,0.41876502403846155,0.002475289162248373,4844.046803374645
13,Engine,3,-412.3817443847656,41.665618896484375,3.568018913269043,9.519229888916016,-3.1462132930755615,-3.0678083896636963,4.30086088180542,-1.6718405485153198,3.144211530685425,-6.368450164794922,7.964534759521484,-0.6643880009651184,15.432029724121094,13.488090515136719,21.102914810180664,5.914818286895752,9.832295417785645,8.9527587890625,7.191279411315918,6.6723856925964355,9.932889938354492,3.8278796672821045,6.9802751541137695,8.296553611755371,4.188022136688232,4.358199596405029,0.32895299792289734,0.9561636447906494,0.2570717930793762,0.17934241890907288,0.1904023140668869,0.2854139506816864,0.16039317846298218,0.1773567795753479,0.351644366979599,0.1565367430448532,0.18676745891571045,0.24853309988975525,0.2654897836538462,0.0029767113737761974,3611.7463886919577
14,Engine,4,-425.50677490234375,31.646442413330078,-3.1217236518859863,8.940618515014648,7.72626256942749,4.002154350280762,15.7857084274292,-5.46560525894165,5.822258949279785,-7.561073303222656,16.13679313659668,-0.5545323491096497,2.8194634914398193,21.98216438293457,19.342140197753906,5.977423667907715,10.923013687133789,9.124390602111816,5.18247127532959,10.115202903747559,7.948403835296631,8.022950172424316,5.148024559020996,5.581489562988281,8.013106346130371,7.2014241218566895,0.628711462020874,0.9576062560081482,0.32147228717803955,0.34659242630004883,0.21786391735076904,0.4723508656024933,0.1769683063030243,0.10852721333503723,0.31494903564453125,0.09938005357980728,0.06161816045641899,0.16264104843139648,0.2946063701923077,0.0033254947047680616,3709.6454826915756
15,Engine,5,-427.77490234375,55.48281478881836,-7.681371688842773,10.191901206970215,6.419823169708252,-4.416470527648926,0.9655405282974243,-0.17662420868873596,7.250056266784668,-8.742851257324219,13.491578102111816,-2.435884714126587,3.498418092727661,34.5914306640625,24.037221908569336,12.851234436035156,18.75058364868164,12.395856857299805,9.698248863220215,7.240065574645996,11.334068298339844,7.773881912231445,6.970873832702637,5.944616317749023,8.221641540527344,5.811634063720703,0.2183218151330948,0.5358427166938782,0.3563583493232727,0.7740496397018433,0.3078431189060211,0.315567284822464,0.25266364216804504,0.3377719223499298,0.5456615090370178,0.19510655105113983,0.1535530537366867,0.22242772579193115,0.23379657451923078,0.0029027906712144613,3294.892099430551
16,Fall,0,-510.3406982421875,68.33871459960938,8.366400718688965,25.72254180908203,12.567750930786133,11.18875503540039,8.278558731079102,12.343239784240723,8.788969039916992,5.372644901275635,1.3045741319656372,2.328740358352661,-0.12734556198120117,247.93283081054688,38.05567169189453,34.33713150024414,12.893139839172363,13.261353492736816,8.075562477111816,7.246936321258545,6.408517360687256,7.230254650115967,5.500671863555908,7.124016761779785,4.596139907836914,5.245772361755371,0.6374247670173645,0.5780685544013977,0.5083663463592529,0.46894100308418274,0.4591282606124878,0.4626414179801941,0.5813995003700256,0.6543965935707092,0.5936760306358337,0.5109201669692993,0.5320148468017578,0.6215229034423828,0.061283052884615385,0.014313772320747375,1737.039601001549
17,Hit,0,-606.9486694335938,67.49715423583984,14.381491661071777,27.923736572265625,15.496134757995605,16.1048526763916,14.437739372253418,4.559946537017822,9.532843589782715,3.209907054901123,6.244955062866211,3.738438129425049,3.716503620147705,128.86614990234375,43.318702697753906,14.917924880981445,11.029071807861328,9.308984756469727,9.839818954467773,11.356842994689941,6.848114013671875,5.589718818664551,7.670026779174805,5.266353130340576,4.5822434425354,5.754239559173584,0.6990735530853271,0.5508741736412048,0.5023725628852844,0.5252257585525513,0.5486187934875488,0.5464352369308472,0.5385242700576782,0.5699692964553833,0.569463849067688,0.6175323128700256,0.678485631942749,0.784972071647644,0.0993915264423077,0.001326261437498033,2493.307569498879
18,Hit,1,-535.1796264648438,130.10670471191406,19.891376495361328,15.509041786193848,16.936424255371094,11.131016731262207,-0.41406410932540894,-2.8566155433654785,6.460617542266846,5.0642876625061035,0.26023271679878235,-3.245973587036133,-2.339857578277588,138.05560302734375,48.41326141357422,30.04549217224121,12.554482460021973,11.207303047180176,7.597439289093018,11.522285461425781,9.248075485229492,6.414820671081543,7.744405746459961,6.121418476104736,4.530717372894287,5.593704700469971,0.5778164267539978,0.45623236894607544,0.3582005500793457,0.4004557132720947,0.4287922978401184,0.435104101896286,0.37220847606658936,0.39261338114738464,0.46939799189567566,0.612023651599884,0.798198938369751,0.7096817493438721,0.03249699519230769,0.009118163026869297,1015.0873526344974
19,Hit,2,-574.0559692382812,125.19509887695312,32.27128601074219,18.895828247070312,20.87523651123047,14.437668800354004,3.0097289085388184,-0.0395863838493824,7.7056145668029785,6.873474597930908,3.602564811706543,1.3170101642608643,-0.7315762639045715,124.65180969238281,58.4028434753418,26.107736587524414,10.989607810974121,8.397868156433105,7.177192211151123,11.075047492980957,9.204704284667969,4.727020740509033,6.75701379776001,6.551123142242432,5.961189270019531,5.904127597808838,0.6634476780891418,0.5004919171333313,0.497175008058548,0.45500266551971436,0.3810819685459137,0.37661823630332947,0.38265159726142883,0.4349603056907654,0.5236740708351135,0.7410097718238831,0.8077180981636047,0.7047559022903442,0.021657151442307693,0.00709313852712512,885.4425476696825
20,Hit,3,-555.9321899414062,105.94181823730469,17.913185119628906,18.788585662841797,14.083690643310547,14.593436241149902,9.515968322753906,2.5192413330078125,8.606287956237793,8.127318382263184,4.163280963897705,0.537607729434967,-1.9587903022766113,181.0391082763672,39.31208801269531,30.445810317993164,10.60372543334961,10.16783332824707,10.121257781982422,15.455337524414062,10.899422645568848,5.6648736000061035,9.000409126281738,8.241035461425781,5.908545017242432,6.5123186111450195,0.5974810123443604,0.48027342557907104,0.513581395149231,0.5303493142127991,0.5413511991500854,0.5820583701133728,0.5728215575218201,0.6199031472206116,0.6218550801277161,0.7033549547195435,0.7617422342300415,0.6754769086837769,0.03067157451923077,0.009887319058179855,1186.3849236492124
21,Humannoise,0,-473.4316101074219,105.02711486816406,-3.505232572555542,-9.822091102600098,-15.780598640441895,2.7960588932037354,16.6964111328125,10.202493667602539,10.135663032531738,9.754043579101562,-0.8678947687149048,0.43662509322166443,-1.0537282228469849,137.02914428710938,38.99004364013672,16.268909454345703,33.960697174072266,30.649242401123047,21.46695899963379,14.954082489013672,11.939459800720215,8.317395210266113,7.785310745239258,9.400792121887207,6.66215705871582,6.4878034591674805,0.4423983693122864,0.3671385943889618,0.3324430584907532,0.3128655254840851,0.3079666793346405,0.3317585289478302,0.3900412917137146,0.4943283200263977,0.6680604815483093,0.6062121987342834,0.43999606370925903,0.5002195239067078,0.06465594951923077,0.013132354244589806,1664.2634142058848
22,Humannoise,1,-500.3367614746094,114.1512680053711,-15.205567359924316,-19.359392166137695,9.756316184997559,20.673612594604492,19.597047805786133,0.5238773822784424,-2.766348123550415,4.014107704162598,-4.933594703674316,1.793445348739624,3.553858757019043,146.30601501464844,23.788818359375,21.87448501586914,38.24605178833008,21.84551239013672,23.32216453552246,19.914011001586914,9.744791030883789,14.139101028442383,8.456457138061523,10.765324592590332,9.165202140808105,8.061813354492188,0.5621384978294373,0.6304385662078857,0.5963540077209473,0.4956532418727875,0.48081934452056885,0.5311712026596069,0.4795355498790741,0.5043714642524719,0.46840590238571167,0.43062132596969604,0.4451007544994354,0.5025293231010437,0.07553335336538461,0.006834433414041996,2003.2661876484528
23,Humannoise,2,-506.140869140625,67.298583984375,45.301544189453125,35.62339782714844,-6.875497341156006,-20.481822967529297,29.282913208007812,-12.877156257629395,-15.012886047363281,0.5968329310417175,-9.28579330444336,9.16876220703125,8.746490478515625,81.80427551269531,36.161930084228516,11.802757263183594,32.176177978515625,16.499778747558594,30.72450065612793,16.530231475830078,31.342754364013672,20.64603042602539,14.193787574768066,12.412714958190918,19.75249671936035,14.305798530578613,0.5688765048980713,0.49399590492248535,0.29439833760261536,0.2540337145328522,0.25187259912490845,0.2300739586353302,0.22441227734088898,0.2690695822238922,0.3993338942527771,0.3957327604293823,0.35458898544311523,0.3649866282939911,0.04088040865384615,0.025630226358771324,1628.5620074940748
24,Noise3,0,-616.6022338867188,95.30052185058594,3.3133668899536133,21.4798526763916,10.1225004196167,12.07487964630127,13.945242881774902,6.496568202972412,7.941962242126465,6.097755432128906,1.6662824153900146,3.244581937789917,1.7463383674621582,105.87028503417969,74.30921936035156,16.71811294555664,13.36325740814209,12.155858993530273,7.999814033508301,7.704927921295166,6.444756031036377,5.1635026931762695,5.691359043121338,5.174771308898926,4.349735736846924,4.300085067749023,0.7399213314056396,0.6601740717887878,0.6116383075714111,0.5389755964279175,0.4612983763217926,0.4783700704574585,0.5487229824066162,0.6154376864433289,0.6275104284286499,0.6182146072387695,0.6162624955177307,0.7026971578598022,0.11475360576923077,0.0017573212971910834,2154.329285811801
25,Noise3,1,-548.5945434570312,96.319580078125,-6.508047103881836,31.126340866088867,13.730255126953125,14.94029712677002,12.138195991516113,7.607919692993164,8.629734992980957,5.716189384460449,2.6860320568084717,5.551604747772217,2.4543838500976562,84.80195617675781,27.96498680114746,28.87057113647461,7.680359840393066,10.743241310119629,6.67828893661499,5.51943302154541,7.333836078643799,7.406123638153076,9.396114349365234,5.78218936920166,4.926392078399658,4.198315620422363,0.731255292892456,0.699026882648468,0.6367108225822449,0.5569210052490234,0.5744284391403198,0.5898751616477966,0.5944424867630005,0.674828052520752,0.7556449174880981,0.7564713954925537,0.7098442912101746,0.6763314008712769,0.08012319711538461,0.0016063994262367487,2113.6434419957905
26,Noise3,2,-513.0591430664062,89.2691879272461,-12.847024917602539,30.09942626953125,7.807041168212891,12.77235221862793,14.139404296875,9.46837043762207,6.728821754455566,8.667441368103027,5.154451370239258,2.892930507659912,3.271247625350952,175.89752197265625,34.01382064819336,17.240087509155273,13.48668384552002,18.60566520690918,9.263361930847168,7.388925075531006,8.394532203674316,9.18339729309082,10.222624778747559,6.4052815437316895,5.728858947753906,6.422855854034424,0.6303665041923523,0.6413472890853882,0.5857627391815186,0.5215762853622437,0.5218302011489868,0.5175390839576721,0.6352115869522095,0.7529792785644531,0.7063794136047363,0.6408537030220032,0.6127187013626099,0.5885051488876343,0.0948016826923077,0.0073591070249676704,2149.3920736659366
27,Noise3,3,-588.5645751953125,100.43763732910156,-15.41558837890625,18.739049911499023,9.67866039276123,19.30719757080078,14.216485977172852,10.508432388305664,4.70740270614624,4.86052942276001,4.866463661193848,-0.1627999097108841,0.7459267377853394,166.6851348876953,11.6040678024292,30.28875160217285,8.63807201385498,18.37506103515625,8.276407241821289,8.368990898132324,5.745760917663574,6.302417278289795,4.586981773376465,5.359445095062256,5.504143238067627,4.515158176422119,0.6421694159507751,0.5852099061012268,0.5629611611366272,0.579901933670044,0.5789943337440491,0.5320121645927429,0.6489052176475525,0.7778435349464417,0.8030680418014526,0.7261152267456055,0.6642469167709351,0.572195827960968,0.07797475961538461,0.0029935454949736595,1954.6422740064777
28,Noise3,4,-498.6327819824219,95.38814544677734,-9.020203590393066,12.080585479736328,-0.6335952877998352,9.18761920928955,10.071818351745605,11.120948791503906,9.76540756225586,6.6926188468933105,3.74528431892395,1.7731423377990723,4.7583231925964355,140.30673217773438,40.64423370361328,24.45733070373535,15.084858894348145,16.474498748779297,8.606084823608398,8.4108247756958,8.497030258178711,7.6441731452941895,7.585423469543457,5.7511796951293945,5.7474188804626465,6.254305839538574,0.6114103198051453,0.6398659944534302,0.5930919647216797,0.5456483364105225,0.5322695374488831,0.4562152326107025,0.46195048093795776,0.5808010697364807,0.7030744552612305,0.7537232041358948,0.6614381074905396,0.6060081720352173,0.11329627403846154,0.004242491442710161,2304.469101210097
29,Noise4,0,-383.8929138183594,102.73719024658203,14.682465553283691,56.654415130615234,11.602429389953613,-8.036931037902832,-15.211856842041016,-13.479146003723145,-9.364336967468262,-10.327396392822266,-14.155668258666992,-6.047506332397461,-6.8932671546936035,98.44844055175781,50.675132751464844,26.1781005859375,35.43638229370117,13.813271522521973,13.331531524658203,12.190296173095703,8.77759838104248,11.710699081420898,12.034890174865723,13.650951385498047,6.69560432434082,9.156200408935547,0.17872008681297302,0.09864769876003265,0.10879756510257721,0.12731797993183136,0.17708763480186462,0.29301750659942627,0.4344058334827423,0.42281514406204224,0.39792194962501526,0.3471152186393738,0.34630030393600464,0.3057471215724945,0.04675480769230769,0.04492887109518051,1184.5292381346314
30,Noise4,1,-325.8303527832031,107.5735855102539,-0.10281826555728912,39.43415451049805,12.790922164916992,2.5361597537994385,-17.465133666992188,-6.53767728805542,-14.296887397766113,-18.49340057373047,-16.25602149963379,-9.82652473449707,-9.049698829650879,46.931095123291016,35.16019821166992,30.85112953186035,15.34992504119873,21.459911346435547,12.450798034667969,15.415997505187988,10.706741333007812,7.8318657875061035,9.598542213439941,8.17026424407959,9.29091739654541,5.0188374519348145,0.27163052558898926,0.21463938057422638,0.2827813923358917,0.36880332231521606,0.3978145122528076,0.455398291349411,0.4413720667362213,0.3253885805606842,0.2952190935611725,0.3326793909072876,0.338279664516449,0.32916027307510376,0.07445162259615384,0.02962266467511654,1761.3208885535958
31,Noise4,2,-395.8441467285156,101.84867858886719,-12.092106819152832,9.953856468200684,3.091994285583496,4.958012580871582,-6.307094097137451,-9.321353912353516,-12.23348331451416,-7.00381326675415,-2.269040822982788,-0.9586309790611267,-4.6061015129089355,105.04920196533203,33.69614028930664,22.5659236907959,15.696653366088867,14.552279472351074,15.254281997680664,20.410911560058594,10.846822738647461,7.827114582061768,6.090482234954834,9.940738677978516,9.866565704345703,5.34971809387207,0.36336612701416016,0.3504362106323242,0.38250237703323364,0.5005723237991333,0.5930957794189453,0.384083092212677,0.35873451828956604,0.3216712474822998,0.3793564736843109,0.4344324469566345,0.4401167929172516,0.38715261220932007,0.10443209134615385,0.0246552973985672,2024.6444774638508
32,Noise4,3,-296.78155517578125,96.03948211669922,13.701615333557129,39.04995346069336,-14.161957740783691,-21.126415252685547,-12.51472282409668,-16.007511138916016,-21.159597396850586,-8.514693260192871,-6.667910099029541,1.6062164306640625,-7.0550994873046875,53.041316986083984,51.81489181518555,22.5461368560791,31.816091537475586,31.61827850341797,13.311116218566895,23.074085235595703,14.445817947387695,10.15878677368164,10.437593460083008,6.90722131729126,9.245086669921875,12.040687561035156,0.4132620692253113,0.46158039569854736,0.36637941002845764,0.18558822572231293,0.1677999347448349,0.16492094099521637,0.1744423806667328,0.1657734513282776,0.19321554899215698,0.182053804397583,0.25677990913391113,0.3212577998638153,0.09021183894230769,0.05955609306693077,1861.9922862749445
33,Noise4,4,-424.53509521484375,104.25186157226562,16.956876754760742,58.647239685058594,34.36690902709961,-0.637554943561554,-22.75387954711914,-11.026508331298828,-10.271479606628418,-8.33455753326416,-10.569321632385254,-5.266029357910156,-4.631071090698242,77.39482116699219,48.57228469848633,33.52739715576172,19.44560432434082,22.54701042175293,17.65066146850586,17.307796478271484,14.96696949005127,11.645660400390625,7.6047844886779785,7.869931697845459,6.778955459594727,9.810912132263184,0.43199577927589417,0.33828020095825195,0.2976161241531372,0.1914917677640915,0.13655655086040497,0.20480073988437653,0.2884734869003296,0.33491721749305725,0.39417433738708496,0.3650672137737274,0.43139180541038513,0.42899444699287415,0.06239483173076923,0.02140442095696926,1552.6411483440845
34,Noise4,5,-443.8082580566406,87.267333984375,-4.05458402633667,15.30950927734375,-7.36710786819458,5.050938129425049,-6.089849948883057,-1.7787693738937378,-4.661207675933838,-0.22179371118545532,1.9938279390335083,7.669351577758789,1.675936222076416,50.83959197998047,27.19969367980957,24.991500854492188,22.387632369995117,20.761438369750977,11.681950569152832,15.124205589294434,7.357327938079834,8.851061820983887,6.629875659942627,7.572675704956055,8.308674812316895,6.85848331451416,0.35676223039627075,0.4188953638076782,0.4096171259880066,0.4328867495059967,0.6385902762413025,0.4789249002933502,0.40317273139953613,0.2988857924938202,0.41248819231987,0.5290536284446716,0.3760530650615692,0.36350303888320923,0.14018179086538463,0.002925384556874633,2581.0117044124313
35,Noise4,6,-390.6300964355469,108.62574768066406,12.350106239318848,32.966270446777344,3.1621053218841553,-10.40853500366211,-14.183534622192383,-14.237170219421387,-4.214996814727783,-7.679656505584717,-1.075562596321106,-0.4267377257347107,-7.066901206970215,86.81900787353516,37.13368225097656,19.413177490234375,22.363323211669922,20.105735778808594,24.408079147338867,10.19786548614502,12.793167114257812,7.395702838897705,13.23861026763916,10.952081680297852,6.484421253204346,6.383542060852051,0.2390146404504776,0.1990739405155182,0.219363734126091,0.5256871581077576,0.5728147625923157,0.3966274857521057,0.42174625396728516,0.37450265884399414,0.2242850959300995,0.22436405718326569,0.19236254692077637,0.18842749297618866,0.07100360576923077,0.027191640809178352,1674.343687489646
36,Noise4,7,-291.5858459472656,128.75912475585938,-6.9728851318359375,29.6342716217041,-11.94888687133789,-15.849996566772461,-10.194758415222168,-21.309539794921875,-6.393192768096924,-4.943279266357422,-8.967907905578613,-0.5094043016433716,-10.162369728088379,68.1807861328125,36.488311767578125,20.145700454711914,23.22336196899414,15.799695014953613,21.107398986816406,14.223812103271484,14.858930587768555,9.784616470336914,9.774322509765625,7.173191547393799,9.7855224609375,6.535253524780273,0.4829197824001312,0.4539058208465576,0.3123050630092621,0.347625732421875,0.3496915400028229,0.27579256892204285,0.21321232616901398,0.19601696729660034,0.18331670761108398,0.2559850215911865,0.37182411551475525,0.3636515438556671,0.06028395432692308,0.04355341196060181,1511.6696760018626
37,Noise4,8,-349.94256591796875,121.08555603027344,-0.10238264501094818,22.358760833740234,-11.977768898010254,-4.082417011260986,-8.089242935180664,-12.368035316467285,-8.050872802734375,-4.890235900878906,-5.08765983581543,-0.08010941743850708,-6.138705730438232,35.43154525756836,44.57793426513672,20.897907257080078,14.020593643188477,15.311871528625488,11.178327560424805,12.28628921508789,12.714800834655762,9.914647102355957,9.890137672424316,7.892868995666504,7.636168479919434,5.946887016296387,0.38542285561561584,0.41487598419189453,0.4937689006328583,0.36161279678344727,0.27055615186691284,0.2781294286251068,0.3790968060493469,0.4315248727798462,0.4580184817314148,0.42888256907463074,0.35246169567108154,0.350103497505188,0.08004807692307692,0.017197728157043457,1799.346131597391
38,Noise4,9,-481.2391662597656,118.93423461914062,-21.149045944213867,22.891462326049805,-5.799287796020508,13.440847396850586,-11.61486530303955,-6.980379581451416,0.49227964878082275,-5.448703765869141,5.709526062011719,12.283857345581055,3.3526880741119385,55.7927360534668,37.454437255859375,22.34364128112793,19.77136993408203,14.682099342346191,19.479204177856445,14.619065284729004,14.523221015930176,10.169754981994629,13.317355155944824,13.030986785888672,11.413223266601562,7.451066970825195,0.2852071523666382,0.29716241359710693,0.2521740794181824,0.32405728101730347,0.4822726249694824,0.49426892399787903,0.33479294180870056,0.3369407057762146,0.38322675228118896,0.3391674757003784,0.34499216079711914,0.26938140392303467,0.08053635817307692,0.0038929160218685865,1795.2766534795614
39,Noise4,10,-516.5304565429688,173.53268432617188,-30.455110549926758,28.8100528717041,-12.091522216796875,-6.04788875579834,13.015170097351074,-13.823829650878906,1.9724128246307373,-4.401950359344482,0.14170783758163452,15.599540710449219,-4.7832841873168945,19.854711532592773,20.730947494506836,13.034066200256348,22.97262954711914,15.66556453704834,12.078543663024902,10.1607084274292,10.417180061340332,8.777243614196777,9.018795013427734,8.729436874389648,5.7105631828308105,7.766067028045654,0.37800323963165283,0.5646287202835083,0.5373849868774414,0.29639559984207153,0.286538302898407,0.34066423773765564,0.3795906901359558,0.2946777939796448,0.37298181653022766,0.5203662514686584,0.3532818853855133,0.24511811137199402,0.05456730769230769,0.003246430540457368,1218.009593003764
40,Noise4,11,-415.189208984375,132.73583984375,-10.45261287689209,42.84475326538086,-10.125866889953613,7.2923736572265625,-2.2037174701690674,-13.324549674987793,9.754252433776855,-6.116715431213379,-10.051383018493652,6.133134365081787,-1.7817749977111816,66.77787780761719,22.78607749938965,19.29290199279785,15.632560729980469,7.392627716064453,10.262526512145996,10.236566543579102,8.800581932067871,10.322901725769043,6.057283878326416,6.84417200088501,5.0580902099609375,5.613393783569336,0.2765377163887024,0.5907767415046692,0.8782441020011902,0.4421590268611908,0.13467462360858917,0.11035864800214767,0.14647607505321503,0.15402792394161224,0.15766650438308716,0.22063495218753815,0.12376882135868073,0.12245239317417145,0.05433443509615385,0.010301405563950539,1480.7112008852573
41,Noise4,12,-346.60333251953125,176.37718200683594,-17.02967071533203,47.76925277709961,-7.903846263885498,4.105006217956543,3.2208499908447266,-10.349310874938965,5.3314385414123535,-3.1964690685272217,-2.948727607727051,9.880309104919434,2.2675840854644775,20.8178653717041,32.603267669677734,14.361940383911133,13.90861988067627,9.329689979553223,9.905028343200684,8.183343887329102,6.4643425941467285,6.760261058807373,8.60145378112793,8.832880020141602,5.802034378051758,9.25151252746582,0.4377647936344147,0.2899942696094513,0.27213430404663086,0.2878093719482422,0.22676464915275574,0.12036874890327454,0.1440916359424591,0.33497586846351624,0.5535263419151306,0.5243350863456726,0.35746821761131287,0.34803763031959534,0.03905498798076923,0.026387158781290054,1016.2093764304147
42,Noise4,13,-356.1653137207031,171.44546508789062,-29.05211639404297,46.145145416259766,-15.615169525146484,6.464197158813477,4.634539604187012,-12.490459442138672,7.161798000335693,-6.756354331970215,-4.843143939971924,5.819699764251709,4.015547275543213,28.00802993774414,21.10784339904785,9.875986099243164,14.360424041748047,13.65266227722168,7.327232360839844,7.513251781463623,6.571888446807861,7.041611194610596,5.3605170249938965,4.94110107421875,5.3713884353637695,4.945974349975586,0.47351834177970886,0.48203423619270325,0.599900484085083,0.320453017950058,0.22469574213027954,0.17969907820224762,0.19245849549770355,0.2227369248867035,0.355133980512619,0.6237999796867371,0.37676194310188293,0.3267672657966614,0.05440955528846154,0.015669146552681923,1194.058917542114
43,Noise4,14,-417.9011535644531,161.09979248046875,-18.814945220947266,48.57344055175781,-9.7547025680542,13.044302940368652,8.10824966430664,-10.912631034851074,8.97751235961914,4.6241607666015625,-12.734030723571777,10.13976764678955,-8.814857482910156,16.399274826049805,10.565749168395996,6.144348621368408,8.624398231506348,4.079782962799072,5.684231758117676,4.775218486785889,4.058078289031982,4.541489601135254,4.41351842880249,5.443023204803467,3.9453530311584473,5.397204875946045,0.18336525559425354,0.6722011566162109,0.9817696809768677,0.6913883686065674,0.1702374815940857,0.08943866938352585,0.09160186350345612,0.08034612983465195,0.13501957058906555,0.24099425971508026,0.1295049637556076,0.1072787493467331,0.028493088942307693,0.009578868746757507,1162.4095072005712
44,Noise4,15,-441.3713073730469,135.94639587402344,-8.484474182128906,29.77517318725586,-6.574465751647949,11.168831825256348,5.949239730834961,-13.081149101257324,9.038267135620117,-2.2510101795196533,-9.478920936584473,8.622282981872559,-2.614673137664795,40.59041213989258,20.94378089904785,8.668060302734375,22.55666160583496,12.527130126953125,10.40847396850586,10.234408378601074,7.8177714347839355,7.394929885864258,11.305159568786621,9.373501777648926,8.432792663574219,6.678617000579834,0.3803054094314575,0.5854305028915405,0.6981748342514038,0.5261555314064026,0.2064182609319687,0.18112444877624512,0.17660334706306458,0.18437603116035461,0.22842523455619812,0.34748196601867676,0.22100375592708588,0.27220815420150757,0.04894831730769231,0.008892067708075047,1466.2491618496185
45,Noise5,0,-540.7347412109375,123.51612091064453,-7.3196563720703125,14.350798606872559,-2.8372819423675537,9.891359329223633,-14.082813262939453,-12.711287498474121,-10.313029289245605,-4.30556583404541,-0.4155319929122925,-3.0900659561157227,0.6603805422782898,122.00475311279297,56.251251220703125,12.136872291564941,19.28840446472168,17.920345306396484,14.771363258361816,12.472847938537598,10.869388580322266,14.505868911743164,8.065901756286621,6.469925403594971,8.986526489257812,6.695008277893066,0.38177040219306946,0.26453107595443726,0.19174905121326447,0.1853935420513153,0.2990241050720215,0.4035815894603729,0.4444900453090668,0.5752626061439514,0.4529132843017578,0.3276015520095825,0.24039793014526367,0.3707747459411621,0.0751953125,0.0035661649890244007,1507.0832533232954
46,Noise5,1,-483.6989440917969,141.27232360839844,-26.29267120361328,9.95903205871582,-4.866287708282471,9.708172798156738,-13.065135955810547,-9.040144920349121,-7.7267045974731445,2.46864914894104,-1.0964759588241577,0.13845130801200867,-0.2158338576555252,90.43624877929688,40.97297668457031,23.093374252319336,14.67507553100586,16.08531951904297,10.736319541931152,10.357254981994629,13.88773250579834,8.695904731750488,10.298410415649414,9.245348930358887,10.775553703308105,6.521029949188232,0.29857391119003296,0.32656076550483704,0.22094754874706268,0.18407726287841797,0.2973279356956482,0.4022931754589081,0.451788067817688,0.4796856939792633,0.41495901346206665,0.28884178400039673,0.41883909702301025,0.3241244852542877,0.07449669471153846,0.004123083781450987,1527.9481110326801
47,Noise5,2,-491.2603759765625,134.967529296875,-15.118698120117188,8.810532569885254,-10.058460235595703,9.037303924560547,-13.464498519897461,-5.337002277374268,-2.580177068710327,-2.8350040912628174,7.124227523803711,2.8078222274780273,5.1555047035217285,59.90105438232422,37.656532287597656,18.40129852294922,28.240455627441406,18.3952693939209,12.749333381652832,10.304816246032715,10.59017276763916,7.127623081207275,9.852770805358887,9.934120178222656,7.716175079345703,7.900669097900391,0.21131834387779236,0.2809074819087982,0.3077831268310547,0.3752591013908386,0.47048741579055786,0.35597342252731323,0.37894824147224426,0.3614121079444885,0.4442237913608551,0.37608540058135986,0.30087751150131226,0.24454545974731445,0.07842548076923077,0.0034805466420948505,1670.262402806388
48,Noise5,3,-495.1063537597656,137.54150390625,-10.492094993591309,3.42208194732666,5.723717212677002,5.621728897094727,-6.184590816497803,-10.744731903076172,-6.67020845413208,-4.961517810821533,0.5821428894996643,0.09596516191959381,5.629444599151611,126.28987884521484,42.25784683227539,16.810972213745117,24.149398803710938,22.344697952270508,10.535553932189941,10.491791725158691,8.707517623901367,8.1111478805542,8.111151695251465,10.1170654296875,7.9114089012146,6.669863224029541,0.3616674244403839,0.30986905097961426,0.26609811186790466,0.32452479004859924,0.4178001880645752,0.43666940927505493,0.4026380479335785,0.44183778762817383,0.3657773435115814,0.3636283874511719,0.4250957667827606,0.4366166889667511,0.07983774038461539,0.005971869919449091,1610.6281430452475
49,Noise5,4,-549.4991455078125,127.65876007080078,-2.1493349075317383,13.667487144470215,12.61274242401123,20.531591415405273,-12.132124900817871,-15.425114631652832,-12.10175609588623,-7.50970458984375,9.126208305358887,-7.028879165649414,2.4418110847473145,53.4968376159668,51.64467239379883,27.394357681274414,27.423688888549805,12.15949535369873,10.807421684265137,14.005754470825195,15.122990608215332,15.400460243225098,11.061662673950195,9.435941696166992,6.295003890991211,9.31249713897705,0.4175989329814911,0.3344576358795166,0.17882221937179565,0.20054982602596283,0.20678384602069855,0.2793036103248596,0.4261915385723114,0.5682722330093384,0.47180259227752686,0.36951273679733276,0.39198413491249084,0.4382314383983612,0.08207632211538461,0.002977922558784485,1832.2444986208695
50,Noise5,5,-524.5025024414062,131.11244201660156,13.907683372497559,19.068592071533203,28.858837127685547,15.62452507019043,-7.878971099853516,-1.1650722026824951,-1.265271544456482,-2.8915579319000244,8.400006294250488,-0.8783596158027649,2.8171799182891846,37.81260299682617,46.17058563232422,30.29323387145996,19.06108283996582,11.066030502319336,13.689567565917969,24.925310134887695,15.896217346191406,12.521162033081055,12.215362548828125,9.379865646362305,9.031927108764648,7.206844806671143,0.5457416772842407,0.4591773450374603,0.39521321654319763,0.44864049553871155,0.38728123903274536,0.4456374943256378,0.5266746282577515,0.5076149702072144,0.43097177147865295,0.3556470274925232,0.3580804765224457,0.4970332086086273,0.05531850961538461,0.005010100081562996,1548.8679040115442
51,Noise5,6,-541.615478515625,132.76434326171875,22.72075843811035,13.488033294677734,14.972562789916992,8.543729782104492,2.1409072875976562,-5.440927982330322,-9.749863624572754,-0.9858696460723877,5.650982856750488,-2.3936233520507812,0.511559247970581,42.00675582885742,40.93342590332031,23.848669052124023,19.811960220336914,17.616701126098633,14.38099479675293,7.346538066864014,9.35436725616455,8.596835136413574,11.729768753051758,9.147870063781738,8.080190658569336,7.695880889892578,0.38003769516944885,0.3918302357196808,0.3116694688796997,0.27071961760520935,0.3355008065700531,0.44930723309516907,0.49570193886756897,0.3835594654083252,0.3854714632034302,0.3899921178817749,0.46675461530685425,0.41403236985206604,0.05819561298076923,0.002448571613058448,1642.9254600624943
52,Noise5,7,-539.6093139648438,138.36366271972656,5.96382999420166,15.916725158691406,13.468323707580566,17.815061569213867,-6.3283467292785645,-2.225623846054077,-9.904335975646973,-4.039280891418457,6.110274314880371,-0.2466191202402115,3.3743388652801514,46.375999450683594,34.34881591796875,20.919864654541016,26.51430320739746,18.11722183227539,13.56789779663086,14.521796226501465,12.78443431854248,9.96718978881836,8.1058988571167,10.692317008972168,8.000686645507812,8.084554672241211,0.3817518651485443,0.32962653040885925,0.32430216670036316,0.3784366548061371,0.45158201456069946,0.556723952293396,0.43579569458961487,0.43092161417007446,0.48412731289863586,0.43412697315216064,0.43777573108673096,0.45102354884147644,0.0625751201923077,0.0023323344066739082,1492.0582985573071
53,Plastic,0,-389.0718688964844,39.91160202026367,-36.55580139160156,12.301793098449707,1.944608449935913,13.09985637664795,-6.013833522796631,-5.365525722503662,5.992464542388916,-4.504583358764648,1.7262370586395264,3.8631653785705566,-2.676190137863159,202.911865234375,38.17531204223633,16.76919937133789,13.846715927124023,9.79349422454834,10.221643447875977,11.441564559936523,7.672734260559082,6.711780071258545,5.332754135131836,10.13193130493164,7.146028995513916,7.206446170806885,0.5919001698493958,0.4882092773914337,0.5008980631828308,0.5519697070121765,0.6180688142776489,0.4580532908439636,0.4003016948699951,0.3917268216609955,0.38356733322143555,0.4259350299835205,0.5217230916023254,0.618475615978241,0.18961087740384616,0.011077295988798141,3076.092674603637
54,Plastic,1,-365.17822265625,57.87163162231445,-41.47501754760742,17.45289421081543,4.006624221801758,17.522968292236328,0.1986812949180603,0.06341908127069473,6.830684185028076,-7.642237186431885,3.2474310398101807,4.1315202713012695,-0.837175190448761,128.80029296875,46.131412506103516,12.659082412719727,16.848857879638672,8.691869735717773,7.94406270980835,15.083205223083496,7.7245001792907715,8.185103416442871,5.114663124084473,9.072989463806152,6.627302169799805,8.266449928283691,0.6032146215438843,0.522985577583313,0.6119509339332581,0.6805636882781982,0.6187718510627747,0.41858190298080444,0.42655062675476074,0.33395665884017944,0.3204462230205536,0.3729932904243469,0.5382518768310547,0.6853827238082886,0.18447265625,0.009710850194096565,3059.3431871612647
55,Talk,0,-497.8021240234375,97.31376647949219,-2.5938706398010254,25.557302474975586,0.5575149655342102,-5.420324325561523,-2.332087278366089,-5.804548263549805,0.2405785471200943,-1.4534592628479004,0.04140732064843178,-6.521102428436279,-5.4862260818481445,118.2880859375,69.07159423828125,36.23821258544922,33.37656784057617,20.30730628967285,18.1328182220459,15.80104923248291,13.978621482849121,15.116949081420898,10.98819351196289,7.146517276763916,9.421550750732422,8.821455001831055,0.38868439197540283,0.39585861563682556,0.3623536229133606,0.27349212765693665,0.2616693675518036,0.18778792023658752,0.1716892421245575,0.20010906457901,0.3421722650527954,0.3365444540977478,0.42709654569625854,0.5150456428527832,0.08837139423076923,0.012544280849397182,1768.2723406755156
56,Talk,1,-458.3526916503906,130.73995971679688,-23.945783615112305,12.498462677001953,15.793387413024902,-11.434174537658691,-4.0448713302612305,9.202398300170898,2.394303560256958,-4.076709747314453,3.18007230758667,-4.943889141082764,-13.137232780456543,99.60346221923828,52.56400680541992,56.24052047729492,27.450796127319336,20.44424819946289,28.784378051757812,18.733182907104492,13.155624389648438,11.439644813537598,10.859580993652344,12.180608749389648,10.680638313293457,12.212064743041992,0.4654442369937897,0.280761182308197,0.21428115665912628,0.2691183090209961,0.18117009103298187,0.18279795348644257,0.28576934337615967,0.27615121006965637,0.19258393347263336,0.2568172514438629,0.43549174070358276,0.6745595932006836,0.09167668269230769,0.015007372945547104,1656.5520440026755
57,Talk,2,-505.31939697265625,72.26680755615234,7.9890594482421875,35.990882873535156,2.635803461074829,-4.854316711425781,2.6711695194244385,0.32521164417266846,4.799892425537109,2.078242778778076,0.9486831426620483,0.31945380568504333,-1.9571579694747925,115.08235931396484,35.8909797668457,27.559391021728516,20.990341186523438,17.25950813293457,27.55418586730957,15.231162071228027,18.64000129699707,14.733918190002441,9.275104522705078,10.27477741241455,6.5759382247924805,7.856245517730713,0.5968743562698364,0.5885685682296753,0.4852025806903839,0.45332226157188416,0.4305190443992615,0.39173418283462524,0.36686602234840393,0.42523711919784546,0.45805779099464417,0.5005609393119812,0.4986300468444824,0.5877256989479065,0.10388371394230769,0.01199437491595745,2283.024695000938
58,Talk,3,-555.5160522460938,116.21858978271484,-18.39289093017578,13.701541900634766,16.54226303100586,2.851331949234009,8.30921745300293,-0.17644262313842773,3.0072684288024902,12.815367698669434,-2.48470401763916,-1.3057962656021118,-4.037161827087402,110.85980224609375,38.24530792236328,36.89601516723633,22.432462692260742,15.38245964050293,17.72643280029297,7.957679271697998,13.453030586242676,14.449128150939941,8.876468658447266,9.805967330932617,7.032573223114014,9.672842025756836,0.7166335582733154,0.6941468715667725,0.4951150119304657,0.39266732335090637,0.40961283445358276,0.3802032768726349,0.3875349164009094,0.5632752776145935,0.49672451615333557,0.4416773021221161,0.42728015780448914,0.4959498345851898,0.06297325721153846,0.006084228865802288,1612.474992460736
59,Talk,4,-597.796142578125,114.56267547607422,-1.323585033416748,25.714418411254883,16.29552459716797,-0.07606424391269684,7.591118335723877,0.0697048157453537,11.415715217590332,5.353791236877441,-12.839971542358398,-2.352886199951172,-2.4955501556396484,83.08635711669922,28.922929763793945,26.707860946655273,14.331035614013672,12.796747207641602,16.817975997924805,8.839051246643066,18.35564613342285,7.909623146057129,7.604711532592773,12.2350492477417,6.6036458015441895,9.961360931396484,0.3908092975616455,0.40413108468055725,0.5140997767448425,0.6097864508628845,0.4308807849884033,0.29053446650505066,0.27884137630462646,0.3808647692203522,0.365236759185791,0.2969844937324524,0.31832611560821533,0.4318423271179199,0.05212590144230769,0.0030296379700303078,1594.8300045602393
60,Talk,5,-508.3854675292969,83.56565856933594,18.400758743286133,18.061006546020508,8.266874313354492,-10.230316162109375,-6.795835018157959,0.46629947423934937,13.0106840133667,0.4507597088813782,-1.8070764541625977,0.030737949535250664,-0.22408276796340942,136.0971221923828,29.5364990234375,24.474151611328125,20.780017852783203,9.551430702209473,32.66789627075195,19.52705192565918,16.10224151611328,8.001235008239746,15.020364761352539,8.200526237487793,7.801954746246338,10.50270938873291,0.39224734902381897,0.41729313135147095,0.4110274612903595,0.4115332067012787,0.593813419342041,0.44278377294540405,0.29484841227531433,0.25827476382255554,0.3150132894515991,0.44570910930633545,0.3609173893928528,0.34338974952697754,0.05259915865384615,0.018714090809226036,1514.1939665168663
61,Talk,6,-366.16015625,112.60977935791016,-6.62782621383667,26.996477127075195,-2.78273868560791,-26.274311065673828,-8.647636413574219,-0.28064873814582825,4.1149468421936035,-5.369006633758545,-11.07321548461914,-8.531071662902832,-3.435814380645752,72.96959686279297,43.58374786376953,41.56666564941406,23.692529678344727,17.361848831176758,21.36066436767578,17.423141479492188,17.309532165527344,16.02789878845215,8.059154510498047,9.012317657470703,7.983841419219971,8.588717460632324,0.2776229977607727,0.14259307086467743,0.12359917163848877,0.1048145517706871,0.15658044815063477,0.15020447969436646,0.14387860894203186,0.14426389336585999,0.31082990765571594,0.5985828638076782,0.5687653422355652,0.43697842955589294,0.10016526442307692,0.025716224685311317,1846.9388645042097
62,Talk,7,-448.2266540527344,101.80716705322266,-0.940107524394989,18.025598526000977,-0.8856955766677856,-25.429962158203125,-1.1559042930603027,3.3169314861297607,11.904780387878418,-6.383744239807129,-18.42523193359375,-7.725247383117676,-2.9098355770111084,80.54608917236328,26.562908172607422,16.76344108581543,21.844762802124023,13.674497604370117,26.239892959594727,8.588727951049805,17.26817512512207,18.45391845703125,11.529977798461914,6.266637325286865,8.165460586547852,9.327518463134766,0.18755534291267395,0.16216492652893066,0.14544892311096191,0.18719393014907837,0.3484194576740265,0.28680577874183655,0.18707457184791565,0.46320268511772156,0.2628292441368103,0.17928919196128845,0.3208335340023041,0.38424354791641235,0.08229417067307693,0.022531457245349884,1679.5391369685813
63,Talk,8,-469.6041564941406,122.76508331298828,-1.724876046180725,16.237388610839844,11.9860200881958,-4.837744235992432,-8.087053298950195,-3.5157244205474854,1.1571840047836304,0.8794885873794556,-15.979583740234375,-7.279680252075195,-1.6189371347427368,102.83877563476562,47.47319793701172,30.61376953125,24.295862197875977,22.094640731811523,23.50217056274414,12.736493110656738,10.148904800415039,16.160871505737305,11.195127487182617,12.889081001281738,9.163931846618652,7.2390031814575195,0.11099638789892197,0.05181967094540596,0.07083017379045486,0.09917962551116943,0.1451318860054016,0.0917532667517662,0.08681280165910721,0.2508157789707184,0.43303027749061584,0.588883101940155,0.5231954455375671,0.29482585191726685,0.0812725360576923,0.02022584155201912,1337.3438196345123
64,Talk,9,-417.3204650878906,169.7727508544922,-29.67548942565918,4.494595050811768,8.734939575195312,-26.249832153320312,-13.375572204589844,-8.770185470581055,3.6748087406158447,5.1482696533203125,-9.82495403289795,-15.919696807861328,-7.6034722328186035,74.606689453125,21.93745231628418,31.025390625,15.791815757751465,10.13437557220459,19.71083641052246,16.860179901123047,8.625694274902344,11.20242691040039,8.859105110168457,8.171555519104004,8.765503883361816,7.889532089233398,0.17304697632789612,0.12236486375331879,0.180164635181427,0.35919123888015747,0.38576188683509827,0.18835878372192383,0.18918970227241516,0.233990877866745,0.3804718852043152,0.41064950823783875,0.42619338631629944,0.29961857199668884,0.051600060096153845,0.022461077198386192,1025.9843583663708
65,Talk,10,-455.3363342285156,156.97044372558594,-35.69123077392578,-3.7366600036621094,24.819957733154297,-13.225234985351562,-9.400365829467773,-5.171404838562012,7.713188171386719,14.011319160461426,-14.495393753051758,-10.553078651428223,-7.778665542602539,91.02420043945312,36.157806396484375,19.339859008789062,19.700441360473633,12.882641792297363,31.426252365112305,12.294464111328125,8.3077392578125,9.881387710571289,7.893674850463867,16.971569061279297,8.927674293518066,7.187484264373779,0.2666478753089905,0.13384486734867096,0.11453663557767868,0.14273272454738617,0.20840469002723694,0.3385976552963257,0.30542463064193726,0.26373401284217834,0.3878783583641052,0.5121084451675415,0.43845513463020325,0.43101903796195984,0.07985276442307693,0.015374366194009781,1263.4762971023104
66,Talk,11,-484.82330322265625,148.7444305419922,-67.31490325927734,5.219123363494873,2.8426811695098877,-10.670928955078125,2.9959821701049805,-3.7868800163269043,18.08523941040039,6.282118797302246,-7.7518439292907715,-4.050624370574951,-3.3113889694213867,70.97472381591797,25.729381561279297,33.659210205078125,17.518430709838867,10.968233108520508,15.68610954284668,12.708535194396973,10.392760276794434,9.817422866821289,12.180612564086914,12.926641464233398,18.25917625427246,12.412943840026855,0.16778987646102905,0.24919255077838898,0.27675506472587585,0.15899774432182312,0.24246065318584442,0.2571796774864197,0.47044673562049866,0.5193533897399902,0.19825366139411926,0.12514561414718628,0.1597907990217209,0.24904181063175201,0.08302283653846154,0.008208177983760834,1480.1923927996663
67,Talk,12,-358.7263488769531,75.25656127929688,-27.888872146606445,34.75273513793945,7.538782119750977,-37.78732681274414,-9.57170581817627,2.752655506134033,2.589952230453491,-5.378589153289795,-6.6936774253845215,-0.38641342520713806,-6.4128522872924805,139.22288513183594,36.82528305053711,21.40020179748535,26.254764556884766,6.909777641296387,27.161497116088867,19.513347625732422,11.772631645202637,16.20099639892578,14.305856704711914,8.393952369689941,17.18009376525879,17.917713165283203,0.30741581320762634,0.3500923216342926,0.29628849029541016,0.3366437554359436,0.28905993700027466,0.26512762904167175,0.38146913051605225,0.4553038477897644,0.4146549701690674,0.32988694310188293,0.32909584045410156,0.31026506423950195,0.14787409855769232,0.027591533958911896,2474.656376239642
68,Talk,13,-426.6626892089844,79.43818664550781,0.5035711526870728,29.411178588867188,11.916966438293457,-18.022480010986328,-10.537240982055664,-0.2413477897644043,-0.6495073437690735,-0.19077277183532715,0.18378759920597076,0.7650172710418701,-1.0608108043670654,148.6305694580078,37.58146667480469,20.906999588012695,22.698152542114258,11.006267547607422,26.938642501831055,18.019271850585938,13.986572265625,19.676959991455078,12.863694190979004,12.713135719299316,8.635034561157227,7.55192232131958,0.4469393491744995,0.4156811237335205,0.4112338423728943,0.40346476435661316,0.38554468750953674,0.3864198923110962,0.3333422541618347,0.4851132333278656,0.4374496340751648,0.28391996026039124,0.3359122574329376,0.4460618793964386,0.07267127403846153,0.03182351589202881,1781.2669043300152
69,Talk,14,-333.65863037109375,84.4481430053711,18.1544246673584,38.349639892578125,9.185527801513672,-28.35308265686035,-19.950878143310547,-24.19713592529297,-0.5052036643028259,-10.55292797088623,-16.43716812133789,-0.20548468828201294,-4.911729335784912,67.44282531738281,44.34013366699219,29.696212768554688,24.743629455566406,13.076981544494629,22.88068199157715,14.020955085754395,16.44102668762207,12.09733772277832,13.417572021484375,10.302340507507324,11.162773132324219,13.129941940307617,0.3763875365257263,0.3537161350250244,0.32487210631370544,0.21700522303581238,0.13272328674793243,0.19747786223888397,0.28561636805534363,0.2419540286064148,0.25333690643310547,0.2942488193511963,0.3069477379322052,0.332966685295105,0.10334284855769231,0.03984764590859413,2291.482674769946
70,Talk,15,-366.29071044921875,103.6645736694336,-7.844088554382324,34.523780822753906,7.31494665145874,-23.964859008789062,-21.09882354736328,-16.42913246154785,12.846659660339355,-11.98713207244873,-15.822992324829102,0.7343022227287292,-6.080165386199951,101.51544952392578,43.213871002197266,27.070850372314453,33.10026168823242,14.174066543579102,20.784393310546875,19.187807083129883,18.006118774414062,16.37947654724121,13.321477890014648,9.096973419189453,8.269318580627441,12.97025203704834,0.348761647939682,0.3222503960132599,0.2834409773349762,0.21651023626327515,0.18612676858901978,0.21028336882591248,0.22992318868637085,0.40305793285369873,0.42109790444374084,0.28720855712890625,0.4063207805156708,0.4909387230873108,0.07926682692307692,0.03423872962594032,1658.7413796426338
71,Talk,16,-366.6366882324219,127.74288177490234,-0.3047522306442261,6.175581455230713,-6.716494560241699,-8.032377243041992,-20.898679733276367,-15.310980796813965,1.8610142469406128,-3.8789844512939453,-7.160573959350586,-7.330688953399658,-2.8724923133850098,89.51878356933594,57.082279205322266,31.99300765991211,32.456783294677734,16.1459903717041,12.509387016296387,14.319747924804688,16.403261184692383,16.027095794677734,10.517278671264648,12.184228897094727,8.242185592651367,5.5800604820251465,0.22164954245090485,0.2770337760448456,0.34495463967323303,0.23693124949932098,0.15205281972885132,0.2096439003944397,0.39423951506614685,0.5510226488113403,0.39560261368751526,0.2731100916862488,0.2704952657222748,0.258054256439209,0.08040865384615385,0.025327641516923904,1675.2933686851688
72,Talk,17,-363.6607360839844,110.37094116210938,17.07353401184082,38.68252182006836,0.18156877160072327,-22.98721694946289,-14.924254417419434,-29.250980377197266,-9.000116348266602,-7.868797302246094,-15.937691688537598,6.028192043304443,-12.567203521728516,59.90715408325195,50.90760803222656,23.023536682128906,47.91621780395508,19.6660099029541,15.58901309967041,16.58502769470215,16.77993392944336,9.94792366027832,12.640698432922363,10.55770206451416,9.176886558532715,10.080900192260742,0.15131531655788422,0.19664743542671204,0.2875809073448181,0.18393220007419586,0.07941526174545288,0.0554739348590374,0.20384323596954346,0.44162121415138245,0.3504032790660858,0.36645758152008057,0.2775561809539795,0.15452466905117035,0.05079627403846154,0.045550111681222916,1388.9582587700743
73,Talk2,0,-430.4767761230469,69.54341125488281,20.79314613342285,10.913040161132812,-8.264413833618164,-0.06950217485427856,-3.339484453201294,-2.528859853744507,-5.961230278015137,-3.502082586288452,-5.343904495239258,-2.390737771987915,-2.5137460231781006,132.779052734375,69.894287109375,33.76886749267578,31.27173614501953,21.330087661743164,14.254162788391113,15.0357084274292,12.937911987304688,9.438759803771973,8.691985130310059,9.23784065246582,6.721414089202881,8.19272232055664,0.3804304897785187,0.4203965961933136,0.4760582149028778,0.4205712378025055,0.3928196132183075,0.3967209458351135,0.3778427541255951,0.3731982707977295,0.3616056442260742,0.45324912667274475,0.5527287721633911,0.4957267642021179,0.1638671875,0.014734960161149502,2582.7113322909304
74,Talk2,1,-399.0750427246094,133.30113220214844,-3.3690690994262695,3.0181000232696533,0.7890496850013733,3.220942974090576,-5.194498062133789,-7.14572286605835,3.4595186710357666,3.3272294998168945,-14.1581392288208,-8.785736083984375,-0.8202448487281799,99.94709777832031,51.3989372253418,32.64291000366211,28.65078353881836,17.041723251342773,16.854106903076172,12.66501235961914,11.559158325195312,11.415668487548828,9.272980690002441,7.920844554901123,5.938898086547852,7.166604995727539,0.3854588270187378,0.24409186840057373,0.19409072399139404,0.17377935349941254,0.15559470653533936,0.22052538394927979,0.28096985816955566,0.2832149267196655,0.36077553033828735,0.3662963807582855,0.47959476709365845,0.5374011397361755,0.07750150240384615,0.025361141189932823,1543.0300519963553
75,Talk2,2,-355.1001892089844,164.92037963867188,-21.02077293395996,-1.0480434894561768,-8.068632125854492,-14.131797790527344,-4.495447635650635,-0.266585111618042,5.6604156494140625,-2.6812610626220703,-14.032655715942383,-12.565619468688965,-9.584911346435547,48.50226593017578,39.8315544128418,31.17216682434082,30.80145263671875,16.495988845825195,16.80852508544922,13.404046058654785,9.54494571685791,14.221957206726074,10.331073760986328,7.302331447601318,6.619081497192383,8.761092185974121,0.16694381833076477,0.1345616579055786,0.08141900599002838,0.044047072529792786,0.08073808997869492,0.09104999899864197,0.1560666710138321,0.21828626096248627,0.20695151388645172,0.5005672574043274,0.5408271551132202,0.24704179167747498,0.05483022836538461,0.047363702207803726,1072.987015334747
76,Talk2,3,-375.1278991699219,116.366943359375,-9.35658073425293,43.24394607543945,-7.708632469177246,-25.84326171875,1.5968308448791504,-5.3592681884765625,-6.894472599029541,-11.465216636657715,-9.801013946533203,-0.721760630607605,-9.521026611328125,92.55745697021484,36.37569808959961,20.53962516784668,22.081544876098633,18.781099319458008,19.602149963378906,14.203003883361816,12.619172096252441,12.816740036010742,8.29266357421875,9.855544090270996,8.658857345581055,10.763364791870117,0.6405828595161438,0.4191831350326538,0.3317687213420868,0.2164808213710785,0.14933288097381592,0.15235689282417297,0.12690027058124542,0.1393706202507019,0.24238234758377075,0.277508407831192,0.40002796053886414,0.5464692115783691,0.08874699519230769,0.02470659464597702,1650.8609001129232
77,Talk2,4,-370.0959167480469,129.8249053955078,-8.968305587768555,19.612546920776367,3.189321756362915,-2.522991418838501,-10.522114753723145,-12.113746643066406,-4.025453567504883,2.084599733352661,-13.948342323303223,-13.109967231750488,-4.212461948394775,69.65380859375,64.22103118896484,29.052654266357422,41.401302337646484,18.222986221313477,13.369139671325684,13.057045936584473,8.911723136901855,11.193459510803223,11.228851318359375,10.767099380493164,8.345983505249023,12.008780479431152,0.25872689485549927,0.10625926405191422,0.06423589587211609,0.03833472728729248,0.07900768518447876,0.09249367564916611,0.09135949611663818,0.25863051414489746,0.4933897852897644,0.5864824056625366,0.45710957050323486,0.4040731191635132,0.06916316105769231,0.03726232796907425,1441.7909296460668
78,Talk2,5,-363.39837646484375,142.8076629638672,-33.68583297729492,10.71291732788086,1.2925300598144531,-6.071782112121582,-18.11594581604004,-11.378912925720215,8.031524658203125,-2.346109390258789,-13.909292221069336,-11.821633338928223,-6.265815734863281,48.29813003540039,71.51686096191406,22.146015167236328,40.631629943847656,13.04198169708252,9.909777641296387,13.846322059631348,10.337088584899902,12.430282592773438,8.753108024597168,8.644736289978027,11.065596580505371,11.034814834594727,0.6578452587127686,0.17359061539173126,0.05532114952802658,0.08364035189151764,0.17140954732894897,0.0651557445526123,0.03301040455698967,0.045207131654024124,0.2287294566631317,0.26373815536499023,0.22004924714565277,0.6636220216751099,0.07367037259615385,0.04100760817527771,1446.321681975884
79,Talk2,6,-469.2276306152344,165.5503387451172,-1.8334890604019165,16.235942840576172,-14.530010223388672,0.8263320922851562,10.5706148147583,-15.372457504272461,1.4402873516082764,-0.19883325695991516,-5.963028430938721,-4.708611011505127,-5.099665641784668,69.61471557617188,47.268035888671875,38.83003616333008,39.304141998291016,20.859813690185547,20.12897300720215,17.580089569091797,17.069700241088867,16.52675437927246,7.124477863311768,9.020646095275879,8.881314277648926,10.62625789642334,0.29608193039894104,0.17326301336288452,0.1653088629245758,0.17615275084972382,0.14364944398403168,0.1205105185508728,0.20543736219406128,0.5352044105529785,0.5528244972229004,0.4268629550933838,0.49971383810043335,0.35018250346183777,0.06380709134615385,0.01896979659795761,1071.7986328222382
80,Talk2,7,-414.12957763671875,120.26485443115234,-2.1948776245117188,24.140892028808594,8.937597274780273,-9.47311782836914,1.4537831544876099,-8.81905746459961,-4.565312385559082,-8.937204360961914,-11.459742546081543,-8.958165168762207,-6.460364818572998,85.23115539550781,60.02766418457031,29.330307006835938,30.826316833496094,13.697587013244629,15.00593376159668,12.504841804504395,17.450143814086914,14.203800201416016,11.443597793579102,8.70494270324707,6.258778095245361,8.059757232666016,0.2544702887535095,0.14949117600917816,0.09555593878030777,0.12587960064411163,0.22780422866344452,0.15069431066513062,0.16408494114875793,0.1817757785320282,0.33933255076408386,0.6241669058799744,0.6253833770751953,0.4666145443916321,0.0646484375,0.031232059001922607,1355.2577263359478
81,Talk2,8,-404.9389343261719,127.85881805419922,0.851326048374176,31.164352416992188,4.946033477783203,-0.04266812279820442,1.962268352508545,-8.890628814697266,-11.484920501708984,-1.0215667486190796,-10.937416076660156,-14.507625579833984,-8.422367095947266,43.42378616333008,69.0847396850586,26.38300132751465,30.84130859375,22.08904457092285,15.2811279296875,10.682710647583008,15.647483825683594,9.337461471557617,9.434618949890137,7.8938517570495605,7.531200885772705,6.776829242706299,0.33234694600105286,0.1641523391008377,0.05567784234881401,0.06060316786170006,0.11827622354030609,0.06406564265489578,0.09455180168151855,0.20727114379405975,0.2782941460609436,0.49271339178085327,0.48064693808555603,0.3863424062728882,0.06459585336538462,0.026892494410276413,1487.5490543216001
82,Talk2,9,-487.20782470703125,169.64051818847656,27.754941940307617,-4.731817245483398,-7.734631538391113,3.6824076175689697,-9.693899154663086,-17.239933013916016,-12.927045822143555,-3.267047882080078,0.3492375910282135,-6.679288864135742,-17.723430633544922,54.63017654418945,56.5439338684082,27.427444458007812,39.61834716796875,23.64586639404297,16.814220428466797,10.962319374084473,9.429635047912598,11.803101539611816,13.657449722290039,10.579916000366211,8.270332336425781,8.106534957885742,0.26570966839790344,0.2872372567653656,0.35592976212501526,0.1638023406267166,0.1012846902012825,0.08181195706129074,0.11974717676639557,0.10817775875329971,0.11236625909805298,0.1595270186662674,0.3856697678565979,0.5094809532165527,0.06116286057692308,0.020302068442106247,1036.6747812862725
83,Talk2,10,-471.3754577636719,107.99956512451172,-3.944607734680176,17.368064880371094,22.81637191772461,3.0633223056793213,-14.484046936035156,-0.1736990362405777,-1.6613601446151733,3.097576856613159,-12.091233253479004,-6.6863226890563965,-2.850464105606079,119.26333618164062,50.28399658203125,15.878235816955566,13.031691551208496,17.568700790405273,14.275138854980469,17.115455627441406,13.319586753845215,18.463727951049805,7.600822448730469,12.748353004455566,7.954474925994873,7.734225749969482,0.5354747772216797,0.679634690284729,0.5411862730979919,0.35068103671073914,0.25150421261787415,0.190625861287117,0.13942189514636993,0.15355992317199707,0.23649349808692932,0.3351101279258728,0.40302127599716187,0.44072672724723816,0.06366436298076923,0.019522426649928093,1485.356705249507
84,Talk2,11,-414.8330383300781,117.0063247680664,9.398451805114746,16.163721084594727,-4.152519226074219,-10.343006134033203,-3.6310057640075684,5.052061080932617,-10.895423889160156,-0.7808104157447815,-0.5311625599861145,-1.535433292388916,-3.304549217224121,73.79129028320312,58.60893630981445,28.591209411621094,31.91719627380371,17.032655715942383,20.048728942871094,16.765892028808594,11.543253898620605,15.203751564025879,9.177762985229492,11.157160758972168,10.583476066589355,8.33279037475586,0.432341992855072,0.5818019509315491,0.4720490872859955,0.32447248697280884,0.29164350032806396,0.24395820498466492,0.2229292094707489,0.2454667091369629,0.27676114439964294,0.38784313201904297,0.48304057121276855,0.4288860261440277,0.11727764423076924,0.018981298431754112,1880.2918206369886
85,Talk2,12,-445.58270263671875,100.44783782958984,29.4488582611084,60.61110305786133,8.224235534667969,-17.906776428222656,-9.134191513061523,0.38827866315841675,-20.04450035095215,-9.194114685058594,-10.088021278381348,-3.479384422302246,-5.754803657531738,69.29209899902344,56.33317565917969,29.763137817382812,17.2264404296875,16.40006446838379,23.936429977416992,15.287495613098145,13.48279094696045,11.514703750610352,10.537469863891602,6.467400550842285,8.403745651245117,11.77717113494873,0.17795799672603607,0.2527892589569092,0.17867542803287506,0.07984622567892075,0.05292677506804466,0.11098693311214447,0.13062222301959991,0.16426785290241241,0.3327952027320862,0.48022937774658203,0.4096510410308838,0.25388479232788086,0.08708683894230769,0.02298831008374691,1593.6991153285558
86,Talk2,13,-521.64111328125,127.22862243652344,9.421123504638672,19.05305290222168,14.141166687011719,-1.0104511976242065,-1.0372227430343628,7.058501720428467,-3.4895992279052734,-2.131789207458496,1.9387085437774658,-1.6266725063323975,-1.8700363636016846,69.58894348144531,49.891571044921875,34.08222198486328,18.878055572509766,22.98273277282715,20.213661193847656,16.791025161743164,9.865059852600098,12.940363883972168,13.05342960357666,8.4581880569458,8.287071228027344,8.903064727783203,0.4093952476978302,0.34447795152664185,0.373966783285141,0.3563288748264313,0.31996339559555054,0.33194875717163086,0.38706132769584656,0.5739566087722778,0.6077877879142761,0.5821083784103394,0.5833029747009277,0.5232683420181274,0.07798227163461538,0.00816269963979721,1427.8830319530114
87,Talk3,0,-398.5304870605469,81.90599060058594,11.062026023864746,15.920500755310059,11.848814010620117,-31.862703323364258,-0.2623027563095093,-5.807962894439697,2.3307547569274902,-28.7257137298584,-5.595010280609131,-19.80112075805664,-12.09419059753418,96.20184326171875,37.31021499633789,24.963838577270508,23.73233985900879,15.041664123535156,30.912647247314453,11.314895629882812,12.631484031677246,13.072393417358398,19.662046432495117,7.958038330078125,12.738652229309082,13.089944839477539,0.10800068080425262,0.10799451917409897,0.1710926741361618,0.32628920674324036,0.3796752393245697,0.42394062876701355,0.4788871705532074,0.37525132298469543,0.15397247672080994,0.1140175312757492,0.10426095128059387,0.1070830374956131,0.041271033653846156,0.06462021917104721,1513.5876554468903
88,Talk3,1,-481.1698913574219,89.58714294433594,-6.715501308441162,-0.2050185203552246,13.032623291015625,0.9972111582756042,5.8957695960998535,2.270549774169922,8.596936225891113,-8.340292930603027,-0.5937023758888245,-12.176400184631348,-6.132389545440674,120.48426055908203,35.413822174072266,35.77900314331055,21.00835609436035,13.913636207580566,18.812829971313477,7.457676887512207,8.758953094482422,9.397704124450684,17.507993698120117,7.461224555969238,15.749316215515137,13.2612886428833,0.40815383195877075,0.46285825967788696,0.4024428427219391,0.3413488566875458,0.35118016600608826,0.3953877091407776,0.4856446385383606,0.4921087324619293,0.3680048882961273,0.3925130069255829,0.4129791259765625,0.4451769292354584,0.04683743990384615,0.022521618753671646,1517.4912749073726
89,Talk3,2,-375.5370178222656,114.76231384277344,19.448474884033203,-14.621725082397461,0.43955525755882263,-16.5212345123291,-0.005596659611910582,-10.749431610107422,-2.529531717300415,-21.959550857543945,-3.7574384212493896,-4.044063568115234,-15.042804718017578,53.93920135498047,80.75885009765625,25.367231369018555,26.3688907623291,15.998294830322266,14.41801929473877,12.977023124694824,14.465642929077148,12.568127632141113,12.194918632507324,12.044111251831055,10.450478553771973,9.162829399108887,0.3327712416648865,0.3606400191783905,0.38083234429359436,0.4440116584300995,0.28780385851860046,0.12081343680620193,0.06742065399885178,0.07988521456718445,0.10413521528244019,0.11885169893503189,0.11416599154472351,0.18032555282115936,0.12176983173076923,0.06795287877321243,1933.601344952537
90,Talk4,0,-515.1537475585938,111.87434387207031,6.907111167907715,7.859655857086182,2.6437454223632812,8.612648010253906,8.791309356689453,2.8064281940460205,-4.58439302444458,-6.567882537841797,2.6848015785217285,3.5813190937042236,-4.603071689605713,114.89844512939453,57.3331298828125,17.073415756225586,22.6302433013916,19.917993545532227,16.678447723388672,9.801280975341797,7.356482982635498,9.91789722442627,11.25043773651123,9.377339363098145,6.528543949127197,7.0522027015686035,0.33243805170059204,0.3012358248233795,0.2902221381664276,0.3983387053012848,0.5504408478736877,0.32696622610092163,0.29718175530433655,0.35793060064315796,0.3796904981136322,0.4462088644504547,0.44960713386535645,0.33656927943229675,0.0661884014423077,0.010531850159168243,1292.755172177621
91,Talk4,1,-380.73590087890625,125.64977264404297,-4.14512825012207,31.460060119628906,8.592534065246582,-4.2390217781066895,-15.22793197631836,-5.669185161590576,1.3412843942642212,-8.668596267700195,1.7651718854904175,0.6412982940673828,-3.960536479949951,88.5381088256836,38.77710723876953,18.005388259887695,32.387271881103516,25.829477310180664,21.1116886138916,13.47231674194336,14.43584156036377,14.078001022338867,12.67264175415039,10.491862297058105,8.911234855651855,7.1692633628845215,0.5300568342208862,0.4198664426803589,0.36098188161849976,0.3450551927089691,0.3737103044986725,0.41129472851753235,0.43615421652793884,0.47988682985305786,0.504423975944519,0.42538779973983765,0.36276400089263916,0.41028302907943726,0.07276141826923077,0.02168617956340313,1478.1822564130684
92,Talk4,2,-341.629638671875,123.00869750976562,-20.954761505126953,23.718219757080078,-7.154601573944092,-9.978432655334473,-8.51159954071045,-20.323240280151367,-4.664342880249023,-7.43027400970459,-0.6824854016304016,3.7937467098236084,-9.628479957580566,75.2890853881836,46.19754409790039,33.22670364379883,18.754100799560547,18.256296157836914,16.639617919921875,19.06252098083496,14.6831636428833,7.359389781951904,9.210899353027344,9.210204124450684,8.286396980285645,10.435507774353027,0.2957429587841034,0.2786940634250641,0.26876839995384216,0.4316358268260956,0.47665390372276306,0.26423612236976624,0.21409539878368378,0.14354470372200012,0.13732600212097168,0.16370439529418945,0.31695935130119324,0.3458443582057953,0.07132662259615384,0.04052598029375076,1585.1027559703198
93,Talk4,3,-273.08648681640625,115.5031967163086,-17.017288208007812,3.406294107437134,-15.571551322937012,-5.398879528045654,-16.780033111572266,-9.216838836669922,-4.67936372756958,3.611034393310547,1.0357095003128052,-0.40332552790641785,-9.103541374206543,54.02324676513672,51.33871841430664,21.019298553466797,24.416683197021484,15.904461860656738,12.501705169677734,16.25108528137207,16.665369033813477,12.62344741821289,10.582226753234863,9.8085298538208,8.636580467224121,6.608215808868408,0.3500474691390991,0.2502967417240143,0.22968889772891998,0.24223676323890686,0.343803733587265,0.3487553596496582,0.3477204442024231,0.28214919567108154,0.13668033480644226,0.13640746474266052,0.2575143277645111,0.5892024040222168,0.08873197115384615,0.03871608152985573,1955.1664252827366
94,Talk4,4,-276.3385925292969,95.53462982177734,-26.012910842895508,16.671199798583984,-15.572046279907227,-22.195398330688477,-17.51230812072754,-0.23087798058986664,2.780102252960205,-0.8951854705810547,-15.38784408569336,-2.0482637882232666,-7.979691982269287,86.58576202392578,52.57884979248047,38.96170425415039,33.67049789428711,15.513090133666992,23.389326095581055,16.731307983398438,12.396859169006348,10.670126914978027,10.884771347045898,12.02841567993164,13.081019401550293,8.464727401733398,0.4008215069770813,0.2334243208169937,0.13839632272720337,0.15820400416851044,0.2150779664516449,0.32776594161987305,0.37764209508895874,0.28316450119018555,0.2699033319950104,0.3932172656059265,0.5907198190689087,0.6303137540817261,0.13033353365384615,0.037021100521087646,2331.057594076492
95,Talk4,5,-354.3066101074219,87.50433349609375,-11.308469772338867,29.89427375793457,1.0833441019058228,-15.90615463256836,-23.086181640625,-7.510786056518555,4.721597671508789,-2.037557601928711,-11.25146198272705,-2.9438533782958984,0.9531258940696716,81.37092590332031,37.832420349121094,35.8845329284668,25.092016220092773,15.067164421081543,19.318599700927734,14.053466796875,14.831204414367676,14.00542163848877,10.945686340332031,10.146218299865723,10.26969051361084,8.476622581481934,0.33903390169143677,0.24116234481334686,0.18386337161064148,0.18038924038410187,0.2163020670413971,0.21298672258853912,0.23481695353984833,0.2618024945259094,0.4658969044685364,0.6513941287994385,0.5730756521224976,0.5360302329063416,0.09897085336538461,0.024274064227938652,2222.9876144968302
96,Talk4,6,-375.8656311035156,119.28264617919922,-3.1183087825775146,30.348041534423828,-10.914380073547363,1.1783968210220337,-1.5150327682495117,-5.092072486877441,-1.416001796722412,-12.87939739227295,-0.02706972323358059,2.27813458442688,-2.0387635231018066,83.32374572753906,61.32569122314453,24.554738998413086,24.448896408081055,15.160979270935059,10.067936897277832,16.60189437866211,9.276071548461914,12.07949447631836,10.554513931274414,11.013484001159668,8.177995681762695,7.856227397918701,0.46328622102737427,0.3937523365020752,0.43676260113716125,0.4011150300502777,0.37371596693992615,0.30002036690711975,0.3771588206291199,0.5629681944847107,0.5235509872436523,0.39061278104782104,0.3447471857070923,0.4606662392616272,0.09045973557692308,0.017119145020842552,1882.7377174647784
97,Talk4,7,-533.943359375,128.6101531982422,0.9851801991462708,-1.6980701684951782,6.118041038513184,23.746633529663086,0.09595684707164764,-5.1929402351379395,2.993307113647461,0.4632062315940857,11.581315040588379,7.229160308837891,-4.976661205291748,100.00623321533203,30.991445541381836,26.714609146118164,24.86554718017578,14.90641975402832,9.640789985656738,15.977940559387207,10.955305099487305,6.389673233032227,12.727644920349121,8.426714897155762,7.041621685028076,8.011313438415527,0.47879472374916077,0.3549908697605133,0.30324432253837585,0.28003767132759094,0.4266867935657501,0.5001522898674011,0.36695295572280884,0.41919735074043274,0.4189368188381195,0.46326944231987,0.4567473828792572,0.48398557305336,0.06130558894230769,0.006196030415594578,1416.1370783935772
98,Talk4,8,-357.51171875,81.41112518310547,-0.671446681022644,39.089420318603516,7.2930450439453125,2.7241313457489014,-2.7315165996551514,-9.152274131774902,8.504914283752441,-13.40761947631836,1.2455962896347046,7.0648417472839355,-14.694843292236328,65.10662078857422,37.789031982421875,22.08772850036621,27.35028076171875,18.13702392578125,16.7476863861084,19.00596046447754,15.76304817199707,9.21530818939209,13.444693565368652,10.135274887084961,7.608789920806885,13.592622756958008,0.5328156352043152,0.6432099938392639,0.47773969173431396,0.3307022452354431,0.28870928287506104,0.2135961949825287,0.19077900052070618,0.2587210237979889,0.4318130314350128,0.42856743931770325,0.3631589114665985,0.44093480706214905,0.10633263221153846,0.03226720914244652,2214.963376044056
99,Talk4,9,-324.0206298828125,96.43047332763672,-21.450910568237305,22.232877731323242,2.2623891830444336,-3.9192216396331787,-6.254033088684082,-6.977193355560303,2.2306389808654785,-1.2525317668914795,-4.8292670249938965,4.247263431549072,-2.2724721431732178,93.56492614746094,29.31277847290039,25.40720558166504,17.346599578857422,15.615406036376953,14.596539497375488,11.994502067565918,10.895344734191895,8.131957054138184,7.625133991241455,11.879196166992188,11.391532897949219,8.864789009094238,0.6322578191757202,0.5380325317382812,0.3920508325099945,0.34400564432144165,0.37431347370147705,0.3777952194213867,0.33561456203460693,0.2527640461921692,0.27518430352211,0.3514135777950287,0.3422646224498749,0.4447791874408722,0.11884014423076923,0.024840807542204857,2270.2643151979278
100,Talk4,10,-318.7566223144531,119.77311706542969,-2.6939306259155273,35.435543060302734,7.06068229675293,8.871672630310059,-16.356826782226562,-14.24180793762207,-4.027402400970459,-11.475207328796387,-1.6349393129348755,1.734523057937622,-14.863247871398926,52.39017105102539,46.79377746582031,21.483673095703125,21.83147430419922,16.225507736206055,8.033818244934082,11.748376846313477,10.550297737121582,12.694563865661621,9.628911972045898,11.69019889831543,8.605283737182617,7.5118303298950195,0.3152177333831787,0.5019378662109375,0.5530309081077576,0.5077345967292786,0.3622227907180786,0.304059237241745,0.1905982345342636,0.17923244833946228,0.18032652139663696,0.22932924330234528,0.2615192234516144,0.25311166048049927,0.06403245192307692,0.05479670688509941,1481.2059401114248
101,Walk2,0,-505.64874267578125,57.594139099121094,-2.9175517559051514,31.538503646850586,5.966578960418701,13.82846450805664,4.91166877746582,7.340908527374268,9.435409545898438,8.745939254760742,7.296529769897461,7.467250347137451,5.432729244232178,146.58511352539062,37.605594635009766,17.545352935791016,20.344125747680664,19.75934410095215,8.364691734313965,10.348165512084961,10.03462028503418,8.23861312866211,6.950100898742676,6.951885223388672,7.726004600524902,5.45658016204834,0.609891951084137,0.6146734356880188,0.7280865907669067,0.7141967415809631,0.6728944182395935,0.6141764521598816,0.5905992984771729,0.6032931804656982,0.6246234774589539,0.5919844508171082,0.5986629724502563,0.6323493719100952,0.12286658653846154,0.0032439487986266613,2594.4044777427057
102,Walk2,1,-530.9610595703125,98.3760757446289,-7.460755348205566,49.412864685058594,18.574138641357422,13.680282592773438,6.965783596038818,-0.35461416840553284,6.9864935874938965,3.639925003051758,7.627326965332031,4.954139232635498,7.962640762329102,49.41524124145508,21.666738510131836,26.229061126708984,14.816329956054688,11.946229934692383,14.459125518798828,11.057474136352539,11.553683280944824,11.861156463623047,8.147439002990723,7.070075988769531,7.445645332336426,5.983672618865967,0.6768589615821838,0.6166077256202698,0.5848407745361328,0.6298248171806335,0.6882883906364441,0.7677223682403564,0.7246848344802856,0.6776601076126099,0.7091794610023499,0.7228671908378601,0.6795907616615295,0.7035306692123413,0.06587289663461539,0.003322747303172946,1805.0257234644218
103,Walk2,2,-543.5014038085938,117.51293182373047,3.175370454788208,43.318946838378906,10.24616527557373,14.378747940063477,7.748664855957031,-1.4526522159576416,8.091341018676758,3.4533145427703857,8.857977867126465,4.181863784790039,4.239494800567627,56.591548919677734,24.996315002441406,12.832039833068848,9.621660232543945,6.6457366943359375,9.632247924804688,9.765756607055664,10.370414733886719,9.185589790344238,7.6469316482543945,6.18302583694458,4.513833999633789,4.747350692749023,0.6513128876686096,0.552745521068573,0.5669043064117432,0.5830999612808228,0.5699020028114319,0.5843940377235413,0.6741713881492615,0.6874015927314758,0.6971569061279297,0.6694604754447937,0.683163046836853,0.7434247136116028,0.04340444711538462,0.0028361619915813208,1558.969036065306
104,Wipechair,0,-509.3009033203125,124.97798156738281,-3.8934175968170166,13.693926811218262,5.0162763595581055,9.249106407165527,0.3265519142150879,-0.7548180222511292,2.3525209426879883,3.875840902328491,6.0847063064575195,-0.5836532115936279,-0.3341119587421417,170.2473602294922,57.687904357910156,29.580657958984375,22.650802612304688,18.539108276367188,13.9489107131958,9.43572998046875,11.557838439941406,8.396708488464355,7.954969882965088,8.996516227722168,7.566037178039551,8.528143882751465,0.4050070345401764,0.380450963973999,0.347372442483902,0.36276352405548096,0.38063254952430725,0.5226914882659912,0.4879071116447449,0.5302852392196655,0.5454057455062866,0.4929750859737396,0.3870970904827118,0.37672799825668335,0.05818810096153846,0.0072571770288050175,1315.4545111234434
105,Wipechair,1,-387.24664306640625,105.082763671875,12.804625511169434,5.872084617614746,8.838481903076172,18.386837005615234,11.396743774414062,-1.0802921056747437,7.500534534454346,7.022165298461914,9.262979507446289,7.673671245574951,1.2009063959121704,114.66561126708984,50.47583770751953,24.772001266479492,19.63465118408203,13.395442962646484,10.681629180908203,12.19182300567627,9.247589111328125,8.723578453063965,7.374374866485596,9.548721313476562,8.739681243896484,11.181992530822754,0.4166564643383026,0.5140114426612854,0.5262070894241333,0.5548737645149231,0.5257120132446289,0.5498873591423035,0.5915549993515015,0.6248368620872498,0.6071245670318604,0.5579586625099182,0.4460737705230713,0.3935289680957794,0.10196814903846153,0.018549039959907532,1869.7168492698886
106,Yawn,0,-391.9084167480469,84.89103698730469,4.530083656311035,-32.47105026245117,-8.3737211227417,4.791194915771484,-6.00849723815918,15.352001190185547,-18.04656410217285,-15.805453300476074,-1.4556368589401245,-1.408208966255188,-1.870255947113037,146.51904296875,34.534053802490234,15.242486953735352,29.284528732299805,16.65267562866211,11.64187240600586,13.37022590637207,16.31976318359375,14.682045936584473,11.821803092956543,7.906861782073975,10.600005149841309,8.153640747070312,0.2355952262878418,0.380758672952652,0.31745660305023193,0.2970442473888397,0.41113564372062683,0.4222457706928253,0.4829171597957611,0.30350854992866516,0.19659177958965302,0.10308946669101715,0.14363470673561096,0.20905259251594543,0.09287860576923077,0.04771783575415611,1944.8055804105543
107,Yawn,1,-344.7362365722656,114.62267303466797,-12.662363052368164,43.26420211791992,18.282926559448242,-4.62184476852417,-22.252897262573242,7.3856658935546875,-12.051759719848633,-18.013948440551758,-9.688766479492188,-2.364177942276001,-16.15312385559082,106.11316680908203,39.04956817626953,27.66263771057129,27.169614791870117,28.283315658569336,10.521743774414062,16.91914939880371,14.036046981811523,13.207756996154785,8.725774765014648,13.855451583862305,7.191065311431885,7.315841197967529,0.27967768907546997,0.38726794719696045,0.43692746758461,0.33789706230163574,0.302375853061676,0.28758367896080017,0.2433730661869049,0.3722698986530304,0.5179676413536072,0.3107527196407318,0.19979846477508545,0.2091349959373474,0.07014723557692308,0.026825327426195145,1577.6994390576112
108,Yawn,2,-399.19390869140625,59.4539680480957,-2.0204017162323,24.26445770263672,9.670525550842285,12.598464965820312,-9.589163780212402,-4.41987943649292,0.48045024275779724,-1.381574273109436,1.6842917203903198,3.054520606994629,-6.163022518157959,116.78547668457031,54.21217727661133,17.265710830688477,20.185623168945312,10.314140319824219,12.408656120300293,10.209226608276367,6.896425247192383,7.8895792961120605,8.31873893737793,10.952910423278809,6.468587398529053,5.992096424102783,0.3925061821937561,0.45127198100090027,0.5156372785568237,0.554656982421875,0.45553866028785706,0.5024738311767578,0.4160711169242859,0.43017229437828064,0.3083164095878601,0.3008520007133484,0.367109090089798,0.35602712631225586,0.19806189903846153,0.01616576872766018,3028.531440281594
109,Yawn,3,-264.254638671875,117.95919799804688,-23.85314178466797,17.03734016418457,-16.51331329345703,-14.079626083374023,0.825026273727417,-2.4284133911132812,-14.16728687286377,-0.03017956018447876,3.6933951377868652,-4.1935882568359375,-17.467092514038086,66.40538787841797,42.36872482299805,15.58818244934082,27.85796546936035,17.851985931396484,18.07354164123535,14.826501846313477,12.405669212341309,11.764501571655273,14.793195724487305,10.519659996032715,7.572842597961426,10.184629440307617,0.15047653019428253,0.1894122213125229,0.26516205072402954,0.330290824174881,0.38021016120910645,0.4207603931427002,0.5146831274032593,0.6376866102218628,0.4561264216899872,0.3526042103767395,0.2886548340320587,0.197902113199234,0.10129957932692307,0.0435294508934021,1870.0333636648065
110,chair,0,-410.25469970703125,100.55792236328125,13.203649520874023,25.783613204956055,10.420207023620605,7.417858123779297,0.5184508562088013,0.5088508129119873,7.65679407119751,8.260015487670898,4.605843544006348,7.186022758483887,6.333476543426514,139.57293701171875,52.63713836669922,15.859118461608887,16.231952667236328,12.235076904296875,6.8986029624938965,8.926189422607422,8.54779052734375,7.419744968414307,6.6843581199646,5.413710594177246,5.839962482452393,5.102962017059326,0.43517059087753296,0.47426706552505493,0.40823182463645935,0.3922848701477051,0.4863007664680481,0.5734646916389465,0.5811065435409546,0.6218686103820801,0.49566027522087097,0.3820224404335022,0.42891326546669006,0.5173549652099609,0.04033954326923077,0.016588812693953514,1676.271434191554
111,chair,1,-291.0140380859375,113.36901092529297,7.518448352813721,36.37650680541992,7.98179817199707,5.95078706741333,-5.28300142288208,-3.5295495986938477,3.1238198280334473,-0.5559706091880798,-1.5847663879394531,1.9732048511505127,4.1891350746154785,87.53079223632812,47.458518981933594,22.981597900390625,12.052803993225098,15.145440101623535,7.404775142669678,8.981651306152344,5.796570777893066,7.932070732116699,8.482038497924805,9.038394927978516,5.878134250640869,5.283602237701416,0.5708183646202087,0.5249669551849365,0.4866994321346283,0.5060852766036987,0.43730148673057556,0.42369410395622253,0.4915050268173218,0.5925891995429993,0.5313776731491089,0.49724501371383667,0.6093783974647522,0.674856424331665,0.06419771634615384,0.03026280179619789,1919.8155462014822
112,chair,2,-257.8780517578125,152.43690490722656,1.6436538696289062,12.003808975219727,-0.847171425819397,2.549262523651123,-6.980184078216553,-7.821507930755615,0.7942119836807251,1.3582996129989624,-2.8448190689086914,0.6063171029090881,-0.6671859622001648,61.22626495361328,40.47543716430664,26.197486877441406,17.282018661499023,7.640170574188232,6.474669933319092,7.273135185241699,5.657681941986084,6.919772148132324,6.232612609863281,4.368636608123779,4.03192663192749,5.814025402069092,0.6289687156677246,0.6311729550361633,0.7164761424064636,0.6323350071907043,0.43886464834213257,0.4506678581237793,0.5107538104057312,0.41722023487091064,0.37712904810905457,0.5023732781410217,0.6422180533409119,0.7128614783287048,0.059104567307692306,0.037260912358760834,1488.2210209934967
113,noise,0,-606.6409301757812,153.01748657226562,-35.40560531616211,18.619285583496094,-4.4969329833984375,12.800287246704102,7.318342208862305,-8.244519233703613,12.857107162475586,9.591764450073242,13.378472328186035,6.565042495727539,-9.532916069030762,101.14971160888672,30.570688247680664,54.82161331176758,23.71588134765625,22.00176429748535,11.302101135253906,14.086605072021484,11.98803997039795,13.21061897277832,7.247715473175049,8.276765823364258,7.598475456237793,10.235040664672852,0.46812576055526733,0.42527714371681213,0.38988828659057617,0.44369760155677795,0.3545069396495819,0.38290297985076904,0.37152817845344543,0.43260860443115234,0.319717139005661,0.32531121373176575,0.44694456458091736,0.43143129348754883,0.0693359375,0.00230859755538404,1362.866005400758
114,noise,1,-526.9541015625,131.82025146484375,-56.3111686706543,32.43490219116211,-0.3591165542602539,7.911203384399414,0.8739271759986877,-7.1740617752075195,5.971780776977539,2.2805845737457275,1.0495907068252563,19.713640213012695,-11.849051475524902,36.252403259277344,65.26730346679688,40.531593322753906,45.59666442871094,28.981576919555664,18.5505313873291,15.232292175292969,16.53569793701172,14.862212181091309,10.434076309204102,8.279170989990234,9.373764991760254,10.144885063171387,0.35488489270210266,0.39759230613708496,0.37468019127845764,0.3728588819503784,0.39423131942749023,0.3594593107700348,0.24919861555099487,0.25525137782096863,0.2519002854824066,0.3606651723384857,0.33177176117897034,0.20091600716114044,0.16047926682692307,0.002752891508862376,2159.221121330208
115,noise,2,-496.2203369140625,110.18862915039062,-45.54887008666992,39.937469482421875,-7.341180801391602,1.037611722946167,-2.271613121032715,-10.411867141723633,-11.827933311462402,8.193650245666504,5.0845561027526855,6.036301136016846,-3.1056909561157227,89.03578186035156,52.148162841796875,45.4174690246582,27.94135284423828,14.071599006652832,16.025117874145508,15.503889083862305,17.310752868652344,16.037294387817383,10.716175079345703,6.732253074645996,8.568259239196777,7.602908611297607,0.32447633147239685,0.2326497733592987,0.25828224420547485,0.2752896845340729,0.36335626244544983,0.44525718688964844,0.40361225605010986,0.45295846462249756,0.33014172315597534,0.292344868183136,0.4097200334072113,0.4868442118167877,0.1451171875,0.003940600901842117,2187.773674560632
116,noise,3,-542.644287109375,122.35247802734375,-37.45499038696289,22.642696380615234,10.318510055541992,3.4285364151000977,-2.9118800163269043,-3.0801734924316406,-1.9894362688064575,0.7225410342216492,14.540111541748047,6.509952068328857,6.035139560699463,75.62606811523438,16.79903221130371,23.808141708374023,13.76130485534668,8.958064079284668,8.770092010498047,14.65591812133789,8.967037200927734,12.476299285888672,8.039200782775879,5.489327430725098,6.442067623138428,6.033846855163574,0.9603609442710876,0.379168838262558,0.2298586219549179,0.2188301384449005,0.20385286211967468,0.19337384402751923,0.1964193433523178,0.2093385010957718,0.22384044528007507,0.23907247185707092,0.1869346648454666,0.31817352771759033,0.08256460336538461,0.001559455064125359,1811.6934366343298
117,noise,4,-548.2832641601562,114.99105072021484,-47.68059158325195,30.618408203125,10.356178283691406,4.531792163848877,-10.623674392700195,-0.22048364579677582,1.1514272689819336,-3.3495519161224365,12.973052978515625,16.09758758544922,7.944389343261719,38.82925796508789,27.35569953918457,10.83061695098877,14.533843040466309,10.453848838806152,6.452760219573975,6.807776927947998,7.104823589324951,5.15372371673584,5.978188991546631,6.095352649688721,5.63067102432251,4.258350372314453,0.976152241230011,0.4035678505897522,0.23774515092372894,0.21284164488315582,0.22662313282489777,0.22235910594463348,0.18602918088436127,0.17093874514102936,0.14369656145572662,0.16059616208076477,0.15661892294883728,0.3047037124633789,0.10874399038461538,0.0011634540278464556,1988.7496045235769
118,noise,5,-499.935546875,109.33121490478516,-52.47523498535156,26.468246459960938,-2.537015914916992,8.402281761169434,-2.7648301124572754,-16.476837158203125,0.4645223617553711,11.541372299194336,4.040597915649414,9.6442232131958,4.5692524909973145,50.35451126098633,30.097026824951172,11.029603004455566,15.60215950012207,12.422221183776855,4.805402755737305,6.197889804840088,6.4601874351501465,7.944461345672607,6.201571941375732,4.407191276550293,7.0519561767578125,5.5856404304504395,0.9263547658920288,0.2797691226005554,0.09830370545387268,0.09092408418655396,0.1029842346906662,0.1264236569404602,0.20665469765663147,0.38987693190574646,0.21291497349739075,0.18660718202590942,0.1254090666770935,0.24709029495716095,0.11739783653846154,0.0018869021441787481,2152.217420343917
119,noise,6,-470.4090881347656,109.74903106689453,-57.7648811340332,20.218259811401367,-7.5421857833862305,16.551223754882812,-10.666303634643555,-15.00541877746582,-5.403031826019287,2.568591594696045,10.172395706176758,6.676889419555664,8.595080375671387,34.43587112426758,32.348873138427734,15.989697456359863,9.093576431274414,7.065014362335205,5.311103343963623,6.3292927742004395,6.517081260681152,6.398200511932373,9.213987350463867,7.2271270751953125,4.837352275848389,8.252520561218262,0.9019452333450317,0.3347485065460205,0.17283426225185394,0.19214382767677307,0.18676306307315826,0.24881283938884735,0.3123399317264557,0.36965128779411316,0.19872426986694336,0.13416576385498047,0.11000040173530579,0.24307264387607574,0.11260516826923077,0.0023009097203612328,2147.6627930088357
120,noise,7,-464.27239990234375,132.4039764404297,-84.52942657470703,22.21368980407715,-12.790304183959961,25.597740173339844,-24.743236541748047,-3.346590042114258,-1.6878273487091064,-7.523134708404541,14.008905410766602,1.9235568046569824,13.536479949951172,18.890968322753906,10.780888557434082,8.615013122558594,6.376441478729248,11.521805763244629,10.410788536071777,9.39392375946045,7.356689929962158,6.259471416473389,6.250524997711182,4.882598876953125,6.170004844665527,3.7854108810424805,0.9526016712188721,0.3269084393978119,0.15370479226112366,0.17006036639213562,0.16652625799179077,0.19272232055664062,0.2641502618789673,0.3822476267814636,0.1872842162847519,0.19461269676685333,0.17697998881340027,0.2780095636844635,0.11185396634615384,0.00285532814450562,1884.473184461408
121,noise,8,-431.80279541015625,98.63211059570312,-63.28136444091797,19.2860107421875,-15.977843284606934,16.134807586669922,-6.170258522033691,-13.799857139587402,-10.832340240478516,8.307861328125,-0.6680901050567627,8.63400650024414,6.787703990936279,37.47283172607422,31.96346092224121,12.63857650756836,12.321904182434082,6.878616809844971,5.982700347900391,5.074096202850342,3.5583508014678955,5.816015243530273,7.933549880981445,6.296436309814453,7.021153926849365,5.2813615798950195,0.8973744511604309,0.3592027723789215,0.1636812537908554,0.16083002090454102,0.21103732287883759,0.2732187509536743,0.3534349501132965,0.4743454158306122,0.27151429653167725,0.18896044790744781,0.1770632565021515,0.2553580105304718,0.1425555889423077,0.0029676107224076986,2337.6796049996715
122,noise,9,-425.6331787109375,108.10221862792969,-56.9906005859375,8.690292358398438,-8.40845012664795,11.236278533935547,-13.897183418273926,6.767702579498291,-9.13651180267334,-0.7757355570793152,8.333465576171875,7.665865421295166,8.616744041442871,22.724905014038086,31.299184799194336,14.524238586425781,8.344891548156738,5.347708702087402,8.103292465209961,5.23637580871582,7.740606784820557,5.738352298736572,7.8342061042785645,5.655885696411133,4.365667343139648,6.599307060241699,0.996819257736206,0.3688846826553345,0.22549955546855927,0.19611535966396332,0.17220337688922882,0.19498126208782196,0.21537938714027405,0.24266976118087769,0.14828738570213318,0.11634364724159241,0.11853030323982239,0.2583065330982208,0.12117638221153847,0.003262509126216173,2198.821464001625
123,noise2,0,-512.5025634765625,118.83021545410156,-12.635759353637695,36.42826461791992,7.3175272941589355,14.358840942382812,1.7791906595230103,5.000703811645508,-0.6903142929077148,-4.622077941894531,-1.295905351638794,2.7452001571655273,0.1643959879875183,131.67938232421875,83.22606658935547,20.21441650390625,26.15517807006836,17.50565528869629,9.491647720336914,7.396926403045654,9.748700141906738,7.183297634124756,7.1416707038879395,4.446210861206055,6.110396385192871,7.745777606964111,0.5236843824386597,0.6136590242385864,0.6709339022636414,0.57353675365448,0.4930177628993988,0.49554672837257385,0.47914668917655945,0.39142078161239624,0.38201242685317993,0.38370785117149353,0.40660884976387024,0.5042502880096436,0.08752253605769231,0.006326699163764715,1689.6439944453746
124,noise2,1,-477.09393310546875,133.8505401611328,-20.778379440307617,50.75190734863281,24.744915008544922,19.58879280090332,3.19852614402771,9.104686737060547,11.566730499267578,-2.622145175933838,2.528625965118408,2.2870256900787354,3.0667033195495605,86.40898132324219,48.77531051635742,14.414219856262207,25.33020782470703,21.68576431274414,10.178730010986328,6.967635631561279,6.7970075607299805,9.579874992370605,4.935929775238037,6.132077693939209,6.732289791107178,9.11823844909668,0.7572303414344788,0.7119894027709961,0.6796666383743286,0.5999611616134644,0.5757388472557068,0.5077598690986633,0.3720935583114624,0.3462364077568054,0.40709277987480164,0.4613044857978821,0.5612028241157532,0.7406342625617981,0.04950420673076923,0.007880671881139278,1310.3197678321897
125,noise2,2,-475.6773376464844,131.4792022705078,-18.916545867919922,40.808067321777344,9.886518478393555,17.48575782775879,3.196506977081299,11.031545639038086,10.531148910522461,-4.272068977355957,5.630923748016357,-0.2582397758960724,5.813911437988281,113.55238342285156,63.02048110961914,16.32509994506836,27.20369529724121,20.74058723449707,8.023399353027344,6.399569988250732,7.010219573974609,8.813897132873535,6.538021564483643,5.328185081481934,4.310009002685547,6.517027854919434,0.7955445051193237,0.7284266948699951,0.6644225120544434,0.6288562417030334,0.5369044542312622,0.42325299978256226,0.3567006587982178,0.34559470415115356,0.48792463541030884,0.5111559629440308,0.6584978699684143,0.8169269561767578,0.06876502403846153,0.010258848778903484,1545.918896921115
126,walk,0,-378.9659118652344,61.2840576171875,8.364385604858398,23.588457107543945,2.7825562953948975,7.820269584655762,2.763911008834839,3.120229482650757,5.939904689788818,7.293544292449951,1.571329116821289,3.9144089221954346,7.146805763244629,92.19627380371094,53.72299575805664,28.79585075378418,13.198057174682617,12.468256950378418,12.16603946685791,11.499282836914062,8.259659767150879,9.766207695007324,9.988405227661133,8.39978313446045,4.887005805969238,3.8478901386260986,0.7399190068244934,0.6478539705276489,0.4996207654476166,0.4595603942871094,0.5190305113792419,0.5573548078536987,0.5596828460693359,0.5958603620529175,0.7033103704452515,0.7743583917617798,0.7858704924583435,0.7611868977546692,0.17804236778846153,0.011089332401752472,3124.683053354945
127,walk,1,-409.18212890625,83.83448028564453,7.405786514282227,37.62032699584961,12.40363597869873,16.83019256591797,7.21383810043335,6.440383434295654,10.053866386413574,8.143080711364746,3.330334424972534,5.810362339019775,3.4192490577697754,90.51339721679688,53.11952209472656,14.476944923400879,14.6189546585083,8.93673324584961,11.628189086914062,14.260929107666016,12.568873405456543,7.480288028717041,8.421524047851562,8.97077465057373,7.497958660125732,5.473086357116699,0.7055972814559937,0.6597709059715271,0.6485964059829712,0.6871031522750854,0.6486040949821472,0.5984760522842407,0.5882323384284973,0.5872178673744202,0.5928272008895874,0.6279892921447754,0.6732462048530579,0.7075669765472412,0.0857196514423077,0.011355712078511715,2341.268418080125
128,walk,2,-413.3703308105469,91.55994415283203,13.201672554016113,34.05020523071289,12.183262825012207,8.537917137145996,0.7116420269012451,4.475015163421631,8.606169700622559,3.946108818054199,2.027472972869873,6.68494987487793,5.319924831390381,102.1130599975586,38.087646484375,17.610837936401367,14.62364387512207,9.74086856842041,11.210872650146484,13.616605758666992,11.582907676696777,10.643316268920898,8.088644027709961,8.138514518737793,5.961609840393066,6.849321365356445,0.6492725610733032,0.6492425203323364,0.6641647219657898,0.6186524033546448,0.5622236728668213,0.6127917766571045,0.6411063075065613,0.6548154950141907,0.7035545110702515,0.7560027241706848,0.7960984706878662,0.7443796992301941,0.06675931490384615,0.008626882918179035,2200.468941942887
129,walk,3,-416.7486267089844,84.71551513671875,2.8234777450561523,43.25750732421875,11.054840087890625,15.990013122558594,4.970587253570557,4.938823223114014,3.0789740085601807,-0.8432812094688416,-1.6229336261749268,2.5297088623046875,3.9654438495635986,112.58665466308594,43.08205795288086,19.3956241607666,17.812938690185547,9.768606185913086,11.179065704345703,13.423880577087402,13.50265121459961,11.350717544555664,10.877143859863281,9.07029914855957,7.934191703796387,5.667186260223389,0.6559973955154419,0.6716806888580322,0.7312912940979004,0.698515772819519,0.6259100437164307,0.6172385215759277,0.6400601267814636,0.6133834719657898,0.6820477843284607,0.6597163081169128,0.6389162540435791,0.6495300531387329,0.08267728365384615,0.008509863168001175,2202.8778208566523
130,wind,0,-583.0198974609375,153.2239227294922,4.093252182006836,16.057390213012695,-1.959071397781372,4.067193984985352,-0.11811412125825882,-0.7559142708778381,1.8776130676269531,4.020235538482666,-3.007228136062622,-2.7933316230773926,-3.565089702606201,159.33917236328125,62.067893981933594,18.914121627807617,9.712203979492188,10.913717269897461,7.661725044250488,6.437282085418701,4.990013122558594,3.1128153800964355,4.363284111022949,5.618102073669434,5.121013164520264,4.113581657409668,0.5578358173370361,0.5680128931999207,0.5856043696403503,0.5831261277198792,0.5629411339759827,0.5600606799125671,0.6158401370048523,0.5857805013656616,0.5122394561767578,0.46247485280036926,0.5127736926078796,0.5760746002197266,0.047964242788461536,0.001851733191870153,1189.3736289668452
131,wind,1,-507.4677734375,165.742431640625,-7.579522609710693,30.97905158996582,-3.0043716430664062,1.243888020515442,-1.1188064813613892,4.503283977508545,3.404299736022949,0.5816810727119446,-6.309191703796387,-1.6243181228637695,-3.3206722736358643,48.835453033447266,51.40243148803711,17.682716369628906,12.209626197814941,10.463545799255371,11.527692794799805,9.168634414672852,4.729995250701904,5.034412384033203,4.578115463256836,4.126173496246338,5.415975570678711,3.5346038341522217,0.6397925019264221,0.6189847588539124,0.6651073098182678,0.6784607172012329,0.5834039449691772,0.6139645576477051,0.5346003770828247,0.6105741858482361,0.6287697553634644,0.574256181716919,0.5393345355987549,0.6036792993545532,0.0632587139423077,0.002547461772337556,1352.0108361758873
132,wind,2,-398.2782287597656,235.31741333007812,80.89656829833984,28.195114135742188,18.440937042236328,6.462604522705078,-1.070087194442749,5.3084397315979,5.543329238891602,-1.3664135932922363,-0.5326871275901794,2.031728982925415,-0.009549509733915329,33.02897644042969,27.16214370727539,14.126084327697754,17.565608978271484,12.63297176361084,5.496380805969238,5.930044651031494,5.656330585479736,5.262460231781006,4.419994354248047,3.568343162536621,4.42259407043457,4.322393417358398,0.6567355990409851,0.631552517414093,0.6390407681465149,0.6530256867408752,0.6539534330368042,0.6087936758995056,0.6112348437309265,0.6450766921043396,0.6058928370475769,0.5685771703720093,0.5732718706130981,0.6404180526733398,0.015001502403846154,0.08108710497617722,301.6549389312667
133,wind,3,-441.574951171875,221.93553161621094,94.33151245117188,34.17134475708008,25.506343841552734,14.518627166748047,4.327235221862793,7.642991542816162,8.29524040222168,2.2523624897003174,1.2161411046981812,2.566398859024048,-0.08273588120937347,35.762142181396484,26.01483726501465,12.338233947753906,10.493975639343262,11.576603889465332,9.283093452453613,6.682024955749512,4.643996238708496,5.082948684692383,4.6911234855651855,3.3057496547698975,2.8533878326416016,3.0973050594329834,0.6234422326087952,0.5970293283462524,0.5915061831474304,0.6391813158988953,0.6635748147964478,0.6175967454910278,0.5738116502761841,0.6413798332214355,0.604830265045166,0.5542445778846741,0.5775275230407715,0.6204187870025635,0.012124399038461539,0.0730404183268547,242.82044677568464
134,wind,4,-522.1271362304688,165.78005981445312,53.64186096191406,15.572336196899414,24.616695404052734,18.873245239257812,7.787337303161621,11.146595001220703,13.196791648864746,7.4276275634765625,4.6306962966918945,4.802556991577148,2.607710123062134,41.0775032043457,24.230627059936523,17.867334365844727,17.837337493896484,16.885345458984375,12.852286338806152,9.709700584411621,9.269577980041504,8.164039611816406,6.090549468994141,6.684772968292236,6.998542785644531,5.113219261169434,0.6269771456718445,0.5785536766052246,0.5671048164367676,0.6114192605018616,0.6778572201728821,0.6744404435157776,0.6816923022270203,0.666365385055542,0.6480345129966736,0.636279821395874,0.6314737796783447,0.6376314163208008,0.01796123798076923,0.02665019780397415,438.23108568287586
